date,workforce,inactives,employment_rate,youth_employment_rate,activity_rate,unemployment_rate,industry_production_prices,companies_trust,gasoline_car_price,diesel_price,GPL_price,diesel_heatining_price,workforce_diff,inactives_diff,employment_rate_diff,activity_rate_diff,unemployment_rate_diff,industry_production_prices_diff,companies_trust_diff,gasoline_car_price_diff,diesel_price_diff,GPL_price_diff,year,month,PCA_labour_market_1,PCA_labour_market_2,PCA_price_energy_1,PCA_price_energy_2,rolling_mean_3m,rolling_mean_6m,rolling_mean_12m,rolling_std_12m
2006-05-01,24200466,14172721,58.69,51.62,63.07,6.93,82.3,103.0,1.34137,1.20487,0.65159,1.14544,73541.0,-73878.0,0.17999999999999972,0.20000000000000284,-0.010000000000000675,0.20000000000000284,-1.0999999999999943,0.0428599999999999,0.026310000000000056,-0.00875999999999999,2006,5,0.4680232279208131,0.011861919760892806,-416.02743198453453,-0.03314424504494495,-0.38000000000000017,-0.2233333333333333,-0.04250000000000006,0.7050741418138562
2006-06-01,24025684,14347835,58.72,52.01,62.61,6.21,82.5,103.4,1.33652,1.197,0.65159,1.13689,-174782.0,175114.0,0.030000000000001137,-0.46000000000000085,-0.7199999999999998,0.20000000000000284,0.4000000000000057,-0.004850000000000021,-0.007870000000000044,0.0,2006,6,-1.2090173663303359,0.016079691405707155,-416.03598198191577,-0.03826385110817443,-0.39333333333333326,-0.26499999999999996,-0.1166666666666667,0.7271530204513459
2006-07-01,23848897,14526617,58.58,52.05,62.15,5.74,83.3,100.8,1.3715,1.20307,0.65159,1.14413,-176787.0,178782.0,-0.14000000000000057,-0.46000000000000085,-0.46999999999999975,0.7999999999999972,-2.6000000000000085,0.03498000000000001,0.00607000000000002,0.0,2006,7,-1.2216970308679107,0.018714708564551402,-416.0287419787512,-0.034974679554748866,-0.4000000000000001,-0.36166666666666664,-0.07333333333333332,0.6846277466734398
2006-08-01,23568455,14808095,57.79,50.55,61.41,5.9,83.3,100.7,1.37496,1.20667,0.65113,1.14892,-280442.0,281478.0,-0.7899999999999991,-0.740000000000002,0.16000000000000014,0.0,-0.09999999999999432,0.0034600000000000186,0.0035999999999998256,-0.00046000000000001595,2006,8,-1.9228178334333474,0.01866063789179586,-416.02395198388626,-0.03745800475324135,-0.3433333333333331,-0.36166666666666664,-0.050833333333333286,0.6877427945934088
2006-09-01,24027934,14351436,58.19,51.74,62.61,7.05,82.6,102.2,1.26975,1.16881,0.65031,1.12219,459479.0,-456659.0,0.3999999999999986,1.2000000000000028,1.1499999999999995,-0.7000000000000028,1.5,-0.10521000000000003,-0.037860000000000005,-0.0008199999999999319,2006,9,3.0429921852091733,0.021540391974768563,-416.05068199035793,-0.04747995658275539,0.27999999999999997,-0.05666666666666664,-0.10666666666666669,0.5315044399597898
2006-10-01,24081980,14298789,58.0,50.5,62.74,7.57,82.6,100.6,1.22256,1.11964,0.61962,1.08659,54046.0,-52647.0,-0.18999999999999773,0.13000000000000256,0.5200000000000005,0.0,-1.6000000000000085,-0.04718999999999984,-0.049169999999999936,-0.030690000000000106,2006,10,0.31701969153712045,0.020635578879543218,-416.0862819402538,-0.07538871376753686,0.61,0.10499999999999998,-0.08916666666666669,0.5496190140506974
2006-11-01,24169986,14213074,58.44,50.77,62.97,7.2,82.4,100.7,1.21952,1.11558,0.60937,1.07989,88006.0,-85715.0,0.4399999999999977,0.22999999999999687,-0.3700000000000001,-0.19999999999998863,0.10000000000000853,-0.0030400000000001537,-0.0040599999999999525,-0.010249999999999981,2006,11,0.5525147309805009,0.019984842703527107,-416.09298193629627,-0.07995023121522171,0.4333333333333333,0.045000000000000075,-0.08916666666666662,0.5496190140506974
2006-12-01,23860765,14523794,58.24,51.18,62.16,6.31,82.4,102.0,1.21919,1.11387,0.60937,1.08278,-309221.0,310720.0,-0.19999999999999574,-0.8100000000000023,-0.8900000000000006,0.0,1.2999999999999972,-0.00032999999999994145,-0.0017100000000001003,0.0,2006,12,-2.112476851682234,0.018463596591596104,-416.09009193659483,-0.0796318597231751,-0.24666666666666673,0.016666666666666607,-0.12416666666666669,0.5881010787168128
2007-01-01,23598028,14788565,57.2,49.62,61.47,6.95,82.7,99.1,1.20985,1.0994,0.60937,1.05335,-262737.0,264771.0,-1.0399999999999991,-0.6899999999999977,0.6400000000000006,0.29999999999999716,-2.9000000000000057,-0.009339999999999904,-0.014469999999999983,0.0,2007,1,-1.803063254021297,0.0201036500050556,-416.11952193378863,-0.08102419860404164,-0.2066666666666667,0.20166666666666666,-0.08,0.625968340762026
2007-02-01,23757520,14631139,57.78,50.37,61.89,6.64,83.1,103.5,1.20228,1.08264,0.60937,1.0535,159492.0,-157426.0,0.5799999999999983,0.4200000000000017,-0.3100000000000005,0.3999999999999915,4.400000000000006,-0.007570000000000077,-0.016759999999999886,0.0,2007,2,1.0353674516425295,0.01869357523233678,-416.1193719325813,-0.08107436500245513,-0.18666666666666684,0.12333333333333323,-0.11916666666666671,0.6242880793837139
2007-03-01,23590939,14801097,57.75,49.59,61.45,6.02,83.5,106.1,1.23625,1.10533,0.60937,1.0657,-166581.0,169958.0,-0.030000000000001137,-0.4399999999999977,-0.6200000000000001,0.4000000000000057,2.5999999999999943,0.033970000000000056,0.022689999999999877,0.0,2007,3,-1.162027162126371,0.02361865413674215,-416.10717193841407,-0.0759629320336046,-0.09666666666666668,-0.17166666666666672,-0.11416666666666668,0.6196107037829676
2007-04-01,23760919,14633336,58.37,51.54,61.89,5.69,83.9,105.0,1.26715,1.12063,0.62234,1.08712,169980.0,-167761.0,0.6199999999999974,0.4399999999999977,-0.3299999999999992,0.4000000000000057,-1.0999999999999943,0.030899999999999928,0.015300000000000091,0.012970000000000037,2007,4,1.0990448804016328,0.02087905368369672,-416.0857519506705,-0.06372478618663369,-0.41999999999999993,-0.3133333333333333,-0.10416666666666667,0.6146463629723613
2007-05-01,23963533,14434397,58.56,50.78,62.41,6.17,84.3,102.8,1.3153,1.131,0.61946,1.09346,202614.0,-198939.0,0.19000000000000483,0.519999999999996,0.47999999999999954,0.3999999999999915,-2.200000000000003,0.048149999999999915,0.01036999999999999,-0.0028799999999999937,2007,5,1.3102153500157683,0.025623291841195883,-416.0794119420976,-0.06590876507396504,-0.1566666666666666,-0.17166666666666672,-0.06333333333333331,0.6373287054478867
2007-06-01,23981476,14441612,58.95,51.91,62.41,5.55,84.6,101.2,1.34624,1.15031,0.61532,1.10358,17943.0,7215.0,0.39000000000000057,0.0,-0.6200000000000001,0.29999999999999716,-1.5999999999999943,0.03094000000000019,0.01930999999999994,-0.0041400000000000325,2007,6,-0.008857969738172858,0.08544562716192554,-416.06929194437737,-0.07044356930697115,-0.1566666666666666,-0.12666666666666662,-0.055000000000000014,0.6285553421790467
2007-07-01,24238920,14206232,59.37,52.63,63.05,5.84,84.9,98.4,1.35423,1.16184,0.62098,1.11634,257444.0,-235380.0,0.4199999999999946,0.6400000000000006,0.29000000000000004,0.30000000000001137,-2.799999999999997,0.007989999999999942,0.01153000000000004,0.005659999999999998,2007,7,1.617030678431152,0.07475258951113756,-416.05653195254587,-0.06668451926451135,0.04999999999999982,-0.18500000000000005,0.008333333333333304,0.6211841087549627
2007-08-01,23696539,14773573,58.28,50.27,61.6,5.38,85.1,99.1,1.31504,1.17359,0.62584,1.11685,-542381.0,567341.0,-1.0899999999999963,-1.4499999999999957,-0.45999999999999996,0.19999999999998863,0.6999999999999886,-0.03919000000000006,0.011749999999999927,0.0048599999999999755,2007,8,-3.755543297541772,0.08128639690732288,-416.0560219677976,-0.06461108573084662,-0.26333333333333336,-0.20999999999999996,-0.04333333333333337,0.6330924581813157
2007-09-01,24168651,14325424,58.89,51.19,62.79,6.21,85.6,99.0,1.306,1.18067,0.62616,1.13062,472112.0,-448149.0,0.6099999999999994,1.1899999999999977,0.8300000000000001,0.5,-0.09999999999999432,-0.009039999999999937,0.007080000000000197,0.000320000000000098,2007,9,3.0436377908536976,0.08200342557918439,-416.04225196017495,-0.06282976689041198,0.22000000000000006,0.03166666666666673,-0.06999999999999999,0.5830172303706738
2007-10-01,24094829,14424359,58.36,49.96,62.55,6.69,85.9,98.2,1.31333,1.20528,0.63125,1.14708,-73822.0,98935.0,-0.5300000000000011,-0.240000000000002,0.4800000000000004,0.30000000000001137,-0.7999999999999972,0.007330000000000059,0.0246099999999998,0.005089999999999928,2007,10,-0.6245985954095712,0.08535713113113279,-416.0257919688236,-0.05561207274490476,0.2833333333333335,0.16666666666666666,-0.07333333333333332,0.5794406916600832
2007-11-01,24278106,14265560,58.75,51.13,62.99,6.73,86.7,98.6,1.34784,1.25241,0.65375,1.20936,183277.0,-158799.0,0.39000000000000057,0.44000000000000483,0.040000000000000036,0.7999999999999972,0.3999999999999915,0.03450999999999982,0.047130000000000116,0.022500000000000075,2007,11,1.1087325237601122,0.08194370256034164,-415.9635119962886,-0.030080256804162264,0.4500000000000002,0.09333333333333342,-0.03916666666666665,0.5724025654814079
2007-12-01,24218981,14349851,58.56,50.67,62.79,6.74,86.8,96.1,1.36084,1.28611,0.66913,1.21716,-59125.0,84291.0,-0.18999999999999773,-0.20000000000000284,0.009999999999999787,0.09999999999999432,-2.5,0.013000000000000123,0.03370000000000006,0.01537999999999995,2007,12,-0.5247462767799678,0.08509541284887105,-415.9557120128241,-0.01693667687256295,0.17666666666666675,0.1983333333333334,0.035833333333333384,0.5058828167099813
2008-01-01,24154206,14439566,57.93,50.12,62.59,7.44,87.2,94.9,1.36444,1.27774,0.67415,1.2149,-64775.0,89715.0,-0.6300000000000026,-0.19999999999999574,0.7000000000000002,0.4000000000000057,-1.1999999999999886,0.0036000000000000476,-0.008369999999999989,0.0050200000000000244,2008,1,-0.5494974443502425,0.08093072319523863,-415.9579720048988,-0.015330033377212171,0.25,0.2666666666666668,0.04083333333333335,0.5126483525120642
2008-02-01,24270931,14347840,58.21,51.04,62.85,7.38,87.7,92.5,1.3616,1.27189,0.69083,1.21977,116725.0,-91726.0,0.28000000000000114,0.259999999999998,-0.0600000000000005,0.5,-2.4000000000000057,-0.0028400000000001757,-0.005850000000000133,0.016680000000000028,2008,2,0.6558421612379525,0.08464635209033156,-415.95310202558704,0.0010731962537415818,0.21666666666666648,0.3333333333333333,0.06166666666666668,0.5020654309646275
2008-03-01,24059811,14584422,58.16,49.97,62.26,6.59,88.3,91.4,1.38616,1.33228,0.69156,1.28281,-211120.0,236582.0,-0.05000000000000426,-0.5900000000000034,-0.79,0.5999999999999943,-1.0999999999999943,0.024560000000000137,0.060389999999999944,0.0007299999999998974,2008,3,-1.5390098799321636,0.08397345211240033,-415.8900620449859,0.0078858211722449,-0.05000000000000012,0.06333333333333331,0.04750000000000002,0.5249264017676455
2008-04-01,24600232,14069793,59.14,51.18,63.62,7.04,88.5,91.1,1.37479,1.3455,0.67931,1.2972,540421.0,-514629.0,0.980000000000004,1.3599999999999994,0.4500000000000002,0.20000000000000284,-0.30000000000001137,-0.011370000000000102,0.01322000000000001,-0.012249999999999983,2008,4,3.490561357351786,0.08843295256000862,-415.8756720216247,-0.009616467301429843,-0.13333333333333344,0.05833333333333327,0.11249999999999998,0.5222177358500608
2008-05-01,24520773,14174352,59.07,51.16,63.37,6.79,89.7,92.9,1.45525,1.44316,0.68801,1.3988,-79459.0,104559.0,-0.07000000000000028,-0.25,-0.25,1.2000000000000028,1.8000000000000114,0.08045999999999998,0.09766000000000008,0.008700000000000041,2008,5,-0.6583360069911257,0.08416161912919526,-415.77407204311436,0.010161248654042887,-0.19666666666666663,0.009999999999999934,0.05166666666666667,0.5180177837125137
2008-06-01,24343197,14369053,58.61,51.11,62.88,6.8,90.5,91.0,1.51213,1.50725,0.69201,1.45448,-177576.0,194701.0,-0.46000000000000085,-0.4899999999999949,0.009999999999999787,0.7999999999999972,-1.9000000000000057,0.05688000000000004,0.06408999999999998,0.0040000000000000036,2008,6,-1.2847463682068703,0.06128031273164732,-415.7183920401247,0.01048955423112441,0.06999999999999999,0.009999999999999934,0.10416666666666667,0.4737943231045101
2008-07-01,24403790,14324402,59.2,51.21,63.01,6.05,91.4,88.8,1.52264,1.51814,0.69579,1.46839,60593.0,-44651.0,0.5900000000000034,0.12999999999999545,-0.75,0.9000000000000057,-2.200000000000003,0.01051000000000002,0.010890000000000066,0.0037800000000000056,2008,7,0.3137801637660599,0.059156522621605964,-415.7044820344301,0.007930294748480171,-0.33000000000000007,-0.23166666666666677,0.017499999999999998,0.5286539510870985
2008-08-01,24055411,14690837,58.48,50.12,62.08,5.8,91.1,87.5,1.45825,1.43688,0.68994,1.38365,-348379.0,366435.0,-0.720000000000006,-0.9299999999999997,-0.25,-0.30000000000001137,-1.2999999999999972,-0.06438999999999995,-0.08126000000000011,-0.005850000000000022,2008,8,-2.4273450923174216,0.061859323132357515,-415.7892220097448,-0.008530905451650694,-0.33000000000000007,-0.26333333333333336,0.034999999999999996,0.5147020320711607
2008-09-01,24291041,14472209,58.43,50.07,62.67,6.76,91.0,88.9,1.43585,1.38387,0.68949,1.3467,235630.0,-218628.0,-0.04999999999999716,0.5900000000000034,0.96,-0.09999999999999432,1.4000000000000057,-0.022399999999999975,-0.05301,-0.00044999999999995044,2008,9,1.487991866110252,0.061079916978415597,-415.8261720108807,-0.004596966053661222,-0.013333333333333345,0.02833333333333332,0.045833333333333316,0.5339638791551583
2008-10-01,24519055,14262809,58.57,49.72,63.22,7.36,89.4,82.4,1.34635,1.30148,0.68647,1.27085,228014.0,-209400.0,0.14000000000000057,0.5499999999999972,0.6000000000000005,-1.5999999999999943,-6.5,-0.08950000000000014,-0.08238999999999996,-0.0030200000000000227,2008,10,1.416071131822153,0.06982127675353131,-415.90202201071406,-0.013543876782731723,0.4366666666666668,0.05333333333333338,0.055833333333333325,0.5438659315632409
2008-11-01,24337691,14461267,58.12,49.04,62.73,7.34,87.7,79.4,1.21192,1.19482,0.66982,1.16499,-181364.0,198458.0,-0.45000000000000284,-0.490000000000002,-0.020000000000000462,-1.7000000000000028,-3.0,-0.13442999999999983,-0.10665999999999998,-0.016650000000000054,2008,11,-1.3016099806737076,0.05877248436374683,-416.00788199275775,-0.034413955846604005,0.5133333333333333,0.09166666666666663,0.050833333333333286,0.5443003571447286
2008-12-01,24077274,14740092,57.86,49.24,62.03,6.72,86.3,77.5,1.12088,1.0929,0.62164,1.06357,-260417.0,278825.0,-0.259999999999998,-0.6999999999999957,-0.6200000000000001,-1.4000000000000057,-1.9000000000000057,-0.09104000000000001,-0.10192000000000001,-0.04818,2008,12,-1.837858878878706,0.0626860984741546,-416.10930193225636,-0.07952198124333498,-0.013333333333333345,-0.013333333333333345,-0.0016666666666667052,0.577940439418416
2009-01-01,23991237,14844502,56.8,47.44,61.78,8.05,85.7,77.1,1.11364,1.0514,0.59919,1.02281,-86037.0,104410.0,-1.0600000000000023,-0.25,1.330000000000001,-0.5999999999999943,-0.4000000000000057,-0.007240000000000135,-0.04150000000000009,-0.02244999999999997,2009,1,-0.6727048610617606,0.06406192439345224,-416.1500619121967,-0.09286345484905467,0.23000000000000012,0.3333333333333335,0.05083333333333336,0.668926661740941
2009-02-01,24211122,14643299,57.29,48.06,62.31,8.06,85.3,74.9,1.1408,1.05672,0.58888,1.01271,219885.0,-201203.0,0.490000000000002,0.5300000000000011,0.009999999999999787,-0.4000000000000057,-2.1999999999999886,0.027160000000000073,0.0053200000000002134,-0.010310000000000041,2009,2,1.3624448057450285,0.0696734444637738,-416.1601619108255,-0.09794422917093526,0.2400000000000002,0.37666666666666676,0.05666666666666672,0.6681770768745412
2009-03-01,24151887,14720687,57.06,47.79,62.13,8.16,84.7,69.7,1.16261,1.02279,0.58005,98562.0,-59235.0,77388.0,-0.22999999999999687,-0.17999999999999972,0.09999999999999964,-0.5999999999999943,-5.200000000000003,0.021809999999999885,-0.033930000000000016,-0.008830000000000005,2009,3,-0.4924264530550679,0.06356161268616514,98144.82712804334,-3.0008564019912143e-05,0.48000000000000015,0.2333333333333334,0.13083333333333336,0.6127502580887905
2009-04-01,24103548,14787090,57.1,47.31,61.98,7.88,84.4,73.4,1.18529,1.04144,0.55352,1.01105,-48339.0,66403.0,0.03999999999999915,-0.15000000000000568,-0.28000000000000025,-0.29999999999999716,3.700000000000003,0.022680000000000033,0.018649999999999833,-0.026529999999999943,2009,4,-0.4178160312024407,0.06298008264583332,-416.16182187758136,-0.132526607100943,-0.05666666666666694,0.0866666666666666,0.06999999999999999,0.6144176844045844
2009-05-01,24289323,14620393,57.99,48.25,62.42,7.1,84.5,78.4,1.22456,1.06158,0.53872,1.00469,185775.0,-166697.0,0.8900000000000006,0.44000000000000483,-0.7800000000000002,0.09999999999999432,5.0,0.03927000000000014,0.020140000000000047,-0.014800000000000035,2009,5,1.1319686645776752,0.07080842732793352,-416.1681818583313,-0.14618833352025284,-0.3200000000000003,-0.040000000000000036,0.025833333333333302,0.6570797424048229
2009-06-01,24050775,14866840,57.15,46.99,61.8,7.52,84.9,77.6,1.29484,1.09602,0.54831,1.04809,-238548.0,246447.0,-0.8400000000000034,-0.6200000000000045,0.41999999999999993,0.4000000000000057,-0.8000000000000114,0.0702799999999999,0.034440000000000026,0.009589999999999987,2009,6,-1.6480661200709776,0.03228089687742574,-416.1247818677253,-0.13384346225352994,-0.2133333333333335,0.1333333333333333,0.05999999999999998,0.666769689009495
2009-07-01,24095240,14829655,57.39,47.64,61.9,7.29,84.5,79.8,1.27052,1.0862,0.54588,1.04391,44465.0,-37185.0,0.240000000000002,0.10000000000000142,-0.22999999999999954,-0.4000000000000057,2.200000000000003,-0.024319999999999897,-0.00981999999999994,-0.002429999999999932,2009,7,0.2353416115313289,0.03572802911505553,-416.12896186846865,-0.14482825213498707,-0.19666666666666663,-0.1266666666666668,0.10333333333333335,0.62492666236394
2009-08-01,23719344,15212878,56.8,47.48,60.92,6.77,84.9,83.5,1.29563,1.11738,0.54658,1.07096,-375896.0,383223.0,-0.5900000000000034,-0.9799999999999969,-0.5200000000000005,0.4000000000000057,3.700000000000003,0.025109999999999966,0.031179999999999986,0.0006999999999999229,2009,8,-2.5692106256473313,0.031150328491006834,-416.10191187400375,-0.13844980831501685,-0.11000000000000003,-0.21500000000000016,0.08083333333333331,0.6433924058292796
2009-09-01,23882754,15057636,56.17,46.48,61.33,8.42,84.7,84.8,1.27135,1.09609,0.54552,1.05236,163410.0,-155242.0,-0.6299999999999955,0.4099999999999966,1.6500000000000004,-0.20000000000000284,1.2999999999999972,-0.02428000000000008,-0.02129000000000003,-0.0010599999999999499,2009,9,1.030674411806268,0.03806722417361335,-416.1205118638575,-0.14595843816341136,0.3000000000000001,0.0433333333333333,0.13833333333333334,0.7509488946820836
2009-10-01,24250763,14698612,56.73,46.01,62.26,8.88,84.8,83.9,1.25637,1.09573,0.54511,1.05633,368009.0,-359024.0,0.5599999999999952,0.9299999999999997,0.46000000000000085,0.09999999999999432,-0.8999999999999915,-0.014979999999999993,-0.00035999999999991594,-0.00041000000000002146,2009,10,2.388985252547221,0.04366826062136308,-416.1165418691458,-0.14440606254839095,0.5300000000000002,0.16666666666666682,0.1266666666666667,0.7441814702114407
2009-11-01,24049017,14908474,56.37,46.28,61.73,8.68,85.0,84.1,1.28944,1.12604,0.57023,1.08935,-201746.0,209862.0,-0.35999999999999943,-0.5300000000000011,-0.20000000000000107,0.20000000000000284,0.19999999999998863,0.03306999999999993,0.030309999999999837,0.02512000000000003,2009,11,-1.4069264911394401,0.034322481478575854,-416.083521898157,-0.11448430175841606,0.6366666666666667,0.26333333333333336,0.11166666666666665,0.7492036175874095
2009-12-01,23924654,15041180,56.05,45.72,61.4,8.71,85.0,86.7,1.27366,1.11467,0.5977,1.08167,-124363.0,132706.0,-0.3200000000000003,-0.3299999999999983,0.030000000000001137,0.0,2.6000000000000085,-0.015779999999999905,-0.01136999999999988,0.027469999999999994,2009,12,-0.8901553455498371,0.03542961995716402,-416.0912019233714,-0.09281774621078576,0.09666666666666697,0.19833333333333356,0.16583333333333342,0.7141741363068937
2010-01-01,24060746,14914007,55.97,45.06,61.73,9.34,86.0,89.6,1.30508,1.14525,0.61564,1.11989,136092.0,-127173.0,-0.0799999999999983,0.3299999999999983,0.629999999999999,1.0,2.8999999999999915,0.031420000000000003,0.03058000000000005,0.017939999999999956,2010,1,0.8383342815354342,0.041946999235627974,-416.05298194876303,-0.06933603031385538,0.15333333333333302,0.3416666666666666,0.10749999999999993,0.6345954330408974
2010-02-01,24060490,14922973,55.86,45.38,61.72,9.49,86.1,90.3,1.31288,1.14232,0.64118,1.11443,-256.0,8966.0,-0.10999999999999943,-0.00999999999999801,0.15000000000000036,0.09999999999999432,0.7000000000000028,0.007800000000000029,-0.002930000000000099,0.025540000000000007,2010,2,-0.0620148900499936,0.03739910042552465,-416.0584419695988,-0.04755276233012051,0.2700000000000002,0.4533333333333334,0.11916666666666664,0.6339265563043398
2010-03-01,24094569,14898421,56.16,45.08,61.79,9.12,86.4,89.5,1.35836,1.18958,0.65662,1.14912,34079.0,-24552.0,0.29999999999999716,0.07000000000000028,-0.370000000000001,0.30000000000001137,-0.7999999999999972,0.045479999999999965,0.04726000000000008,0.01544000000000001,2010,3,0.15818754341022284,0.04172896862482973,-416.0237519972276,-0.026566277195271493,0.13666666666666613,0.11666666666666654,0.07999999999999992,0.6495452955022393
2010-04-01,24331024,14670498,56.69,45.51,62.38,9.14,87.0,93.2,1.38646,1.21583,0.66098,1.18252,236455.0,-227923.0,0.5300000000000011,0.5900000000000034,0.02000000000000135,0.5999999999999943,3.700000000000003,0.028100000000000014,0.026249999999999885,0.0043600000000000305,2010,4,1.510611319122211,0.041625944643320964,-415.99035199795225,-0.02466631992287971,-0.06666666666666643,0.0433333333333333,0.10500000000000005,0.6401349289585186
2010-05-01,24232995,14778169,56.76,45.69,62.12,8.62,87.6,91.6,1.39158,1.24121,0.65984,1.19702,-98029.0,107671.0,0.07000000000000028,-0.2600000000000051,-0.5200000000000014,0.5999999999999943,-1.6000000000000085,0.005120000000000013,0.025379999999999958,-0.0011400000000000299,2010,5,-0.71536413301805,0.03821245618565807,-415.9758520011484,-0.027215388182249556,-0.2900000000000003,-0.010000000000000083,0.12666666666666662,0.6112034824587451
2010-06-01,23966357,15054790,56.47,45.07,61.42,8.06,87.7,89.6,1.37742,1.2363,0.66108,1.20194,-266638.0,276621.0,-0.28999999999999915,-0.6999999999999957,-0.5599999999999987,0.10000000000000853,-2.0,-0.01415999999999995,-0.00490999999999997,0.0012400000000000189,2010,6,-1.8468366343581046,0.038809577061711786,-415.9709319954189,-0.02916115913058992,-0.3533333333333329,-0.10833333333333339,0.045000000000000075,0.6335111393151379
2010-07-01,23916052,15114490,56.52,45.99,61.28,7.77,87.8,90.6,1.37176,1.21531,0.65811,1.17951,-50305.0,59700.0,0.05000000000000426,-0.14000000000000057,-0.2900000000000009,0.09999999999999432,1.0,-0.005659999999999998,-0.020990000000000064,-0.002970000000000028,2010,7,-0.3986596832631827,0.03880444193718418,-415.99336198447656,-0.03270314003532948,-0.456666666666667,-0.2616666666666667,0.03999999999999996,0.6361103391993909
2010-08-01,23381410,15660100,55.74,44.31,59.89,6.92,88.0,91.3,1.36267,1.21144,0.65427,1.17756,-534642.0,545610.0,-0.7800000000000011,-1.3900000000000006,-0.8499999999999996,0.20000000000000284,0.7000000000000028,-0.009090000000000042,-0.003869999999999818,-0.0038399999999999546,2010,8,-3.638265231990881,0.03849802378540536,-415.9953119872238,-0.03557466754357519,-0.5666666666666664,-0.4283333333333334,0.01250000000000003,0.6688133997135254
2010-09-01,23899098,15153055,56.06,44.36,61.2,8.4,88.1,90.9,1.35534,1.21718,0.65503,1.17629,517688.0,-507045.0,0.3200000000000003,1.3100000000000023,1.4800000000000004,0.09999999999999432,-0.3999999999999915,-0.007330000000000059,0.005739999999999856,0.0007599999999999829,2010,9,3.3799602803712983,0.05037020371518982,-415.9965819912209,-0.03406546384216491,0.11333333333333329,-0.11999999999999982,-0.0016666666666666312,0.6317484155944207
2010-10-01,24259387,14803341,56.36,44.98,62.1,9.25,87.6,92.2,1.35182,1.22146,0.65961,1.18096,360289.0,-349714.0,0.29999999999999716,0.8999999999999986,0.8499999999999996,-0.5,1.2999999999999972,-0.0035199999999999676,0.0042800000000000615,0.0045800000000000285,2010,10,2.32521706866332,0.04983260163442717,-415.99191199495357,-0.029377758717724745,0.49333333333333346,0.01833333333333324,0.030833333333333268,0.6667213992684083
2010-11-01,24178454,14894723,56.32,45.11,61.88,8.99,87.9,92.6,1.36993,1.24284,0.67608,1.19255,-80933.0,91382.0,-0.03999999999999915,-0.21999999999999886,-0.2599999999999998,0.30000000000001137,0.3999999999999915,0.01811000000000007,0.021379999999999955,0.016469999999999985,2010,11,-0.6064732324135728,0.041271660786512496,-415.9803220149233,-0.010544726964136775,0.6900000000000001,0.061666666666666835,0.025833333333333375,0.6688315229268176
2010-12-01,24067634,15016933,56.36,44.84,61.58,8.48,88.3,94.2,1.41152,1.28638,0.7275,1.24099,-110820.0,122210.0,0.03999999999999915,-0.30000000000000426,-0.5099999999999998,0.3999999999999915,1.6000000000000085,0.041590000000000016,0.043540000000000134,0.05142000000000002,2010,12,-0.8107218354703324,0.043948533822881615,-415.93188207497275,0.04354826743450735,0.02666666666666669,0.06999999999999999,-0.019166666666666703,0.686459405319437
2011-01-01,23865173,15230583,55.7,43.89,61.04,8.76,89.4,94.2,1.45256,1.32814,0.76821,1.27114,-202461.0,213650.0,-0.6599999999999966,-0.5399999999999991,0.27999999999999936,1.1000000000000085,0.0,0.041039999999999965,0.04176000000000002,0.04070999999999991,2011,1,-1.4255594825064826,0.04357166867622324,-415.9017321194066,0.0839419712886671,-0.1633333333333334,0.16500000000000004,-0.04833333333333334,0.6634186027119247
2011-02-01,24018931,15088420,55.98,44.33,61.42,8.86,89.7,94.1,1.46963,1.35126,0.79085,1.29985,153758.0,-142163.0,0.27999999999999403,0.38000000000000256,0.09999999999999964,0.29999999999999716,-0.10000000000000853,0.01706999999999992,0.023119999999999807,0.022640000000000104,2011,2,0.954163970505134,0.047324040026287775,-415.8730221425632,0.1038197439304992,-0.04333333333333359,0.32333333333333325,-0.05250000000000007,0.6622156336530765
2011-03-01,24354615,14763408,56.74,44.94,62.26,8.87,90.5,91.2,1.52315,1.41673,0.79249,1.3662,335684.0,-325012.0,0.7600000000000051,0.8399999999999963,0.009999999999999787,0.7999999999999972,-2.8999999999999915,0.05352000000000001,0.06547000000000014,0.0016399999999999748,2011,3,2.1636027586004465,0.04899653095199751,-415.8066721523284,0.11046021266627837,0.1299999999999996,0.07833333333333314,-0.020833333333333332,0.6546957424265987
2011-04-01,24072707,15057030,56.5,44.32,61.52,8.16,91.2,94.2,1.54219,1.44806,0.78985,1.3779,-281908.0,293622.0,-0.240000000000002,-0.7399999999999949,-0.7099999999999991,0.7000000000000028,3.0,0.019039999999999946,0.03132999999999986,-0.0026399999999999757,2011,4,-1.9532378239880746,0.04291220043520365,-415.7949721440592,0.10349402608855018,-0.19999999999999987,-0.18166666666666664,-0.0816666666666667,0.6838239185017964
2011-05-01,24255541,14886121,56.91,44.62,61.97,8.16,91.3,93.1,1.54869,1.42326,0.77926,1.34216,182834.0,-170909.0,0.4099999999999966,0.44999999999999574,0.0,0.09999999999999432,-1.1000000000000085,0.00649999999999995,-0.024799999999999933,-0.0105900000000001,2011,5,1.1433781599514663,0.04958298881675818,-415.8307121143872,0.08841951472811449,-0.2333333333333331,-0.13833333333333334,-0.038333333333333254,0.66985525347351
2011-06-01,24000420,15133637,56.64,44.51,61.33,7.65,91.5,92.3,1.52936,1.40252,0.75528,1.33659,-255121.0,247516.0,-0.269999999999996,-0.6400000000000006,-0.5099999999999998,0.20000000000000284,-0.7999999999999972,-0.019329999999999847,-0.02073999999999998,-0.02398,2011,6,-1.7046328267219588,-0.010034986861905137,-415.8362820947517,0.06328694978809968,-0.4066666666666663,-0.13833333333333334,-0.03416666666666668,0.6664622792754064
2011-07-01,24099300,15028089,56.98,45.25,61.59,7.49,92.1,89.9,1.57616,1.45028,0.73465,1.3514,98880.0,-105548.0,0.3399999999999963,0.2600000000000051,-0.16000000000000014,0.5999999999999943,-2.3999999999999915,0.04679999999999995,0.047760000000000025,-0.020629999999999926,2011,7,0.6468524483415026,-0.001538822936880598,-415.8214720833361,0.05126158806543912,-0.2233333333333333,-0.2116666666666666,-0.02333333333333328,0.6629731015156899
2011-08-01,23626928,15492497,56.22,44.29,60.4,6.92,92.4,89.4,1.58602,1.46104,0.72773,1.35696,-472372.0,464408.0,-0.759999999999998,-1.1900000000000048,-0.5700000000000003,0.30000000000001137,-0.5,0.00985999999999998,0.01075999999999988,-0.006920000000000037,2011,8,-3.1462284248434598,-0.0153125154021344,-415.81591206980136,0.03969457128323062,-0.4133333333333334,-0.32333333333333325,0.0,0.6355956404679143
2011-09-01,23977014,15135310,55.85,43.35,61.3,8.89,92.5,84.7,1.58969,1.46579,0.73134,1.36937,350086.0,-357187.0,-0.36999999999999744,0.8999999999999986,1.9700000000000006,0.09999999999999432,-4.700000000000003,0.003670000000000062,0.004750000000000032,0.003610000000000002,2011,9,2.319116428535229,0.0015697709122301333,-415.803502072872,0.042519523921106694,0.4133333333333334,0.003333333333333558,0.04083333333333335,0.7455499292265388
2011-10-01,24373525,14730962,56.57,44.1,62.33,9.24,92.4,86.4,1.59227,1.48392,0.73011,1.37678,396511.0,-404348.0,0.7199999999999989,1.0300000000000011,0.34999999999999964,-0.09999999999999432,1.7000000000000028,0.0025800000000000267,0.01812999999999998,-0.0012299999999999534,2011,10,2.6396754154110296,-0.0022851784159115783,-415.7960920766451,0.04213310158170558,0.5833333333333334,0.18000000000000002,-0.0008333333333333156,0.7093077077280525
2011-11-01,24360567,14736842,55.98,43.66,62.31,10.15,92.6,85.0,1.59167,1.51289,0.72524,1.40884,-12958.0,5880.0,-0.5900000000000034,-0.01999999999999602,0.9100000000000001,0.19999999999998863,-1.4000000000000057,-0.000600000000000156,0.028970000000000162,-0.004870000000000041,2011,11,-0.09207462282761308,-0.0055570900259216275,-415.76403207590016,0.03782671843042984,1.0766666666666669,0.3316666666666667,0.09666666666666668,0.7497070134796701
2011-12-01,24363320,14726382,56.03,43.79,62.33,10.11,92.7,80.1,1.65516,1.63165,0.73509,1.40677,2753.0,-10460.0,0.05000000000000426,0.01999999999999602,-0.040000000000000924,0.10000000000000853,-4.900000000000006,0.06349000000000005,0.11875999999999998,0.009850000000000025,2011,12,0.013834782180833475,-0.006776193137133303,-415.7661021063849,0.05747508828825376,0.4066666666666663,0.40999999999999986,0.13583333333333325,0.7270670637235023
2012-01-01,24296238,14785975,55.59,43.31,62.17,10.59,93.6,78.8,1.7009,1.67171,0.75396,1.43562,-67082.0,59593.0,-0.4399999999999977,-0.1599999999999966,0.4800000000000004,0.8999999999999915,-1.2999999999999972,0.045740000000000114,0.040059999999999985,0.018869999999999942,2012,1,-0.4530538141512632,-0.006898550349688351,-415.73725210206504,0.06991189269457576,0.4499999999999999,0.5166666666666666,0.1525,0.732940838490579
2012-02-01,24509356,14565322,55.78,43.08,62.72,11.08,94.0,79.2,1.7378,1.69294,0.79217,1.45583,213118.0,-220653.0,0.18999999999999773,0.5499999999999972,0.4900000000000002,0.4000000000000057,0.4000000000000057,0.03689999999999993,0.02122999999999986,0.03821000000000008,2012,2,1.4079304011256875,-0.0014492255637814924,-415.71704213920856,0.10617629881094404,0.3099999999999999,0.6933333333333334,0.18500000000000005,0.7390226961701146
2012-03-01,24817764,14248575,56.04,42.96,63.53,11.78,94.4,80.7,1.79967,1.72427,0.86802,1.48903,308408.0,-316747.0,0.259999999999998,0.8100000000000023,0.6999999999999993,0.4000000000000057,1.5,0.06187000000000009,0.03133000000000008,0.07584999999999997,2012,3,2.058462454239194,-0.00601475867111428,-415.68384222151474,0.18387502787283938,0.5566666666666666,0.48166666666666647,0.24250000000000002,0.7509161071651081
2012-04-01,24691213,14367258,56.08,43.57,63.22,11.28,94.9,78.9,1.85022,1.73505,0.88882,1.48591,-126551.0,118683.0,0.03999999999999915,-0.3100000000000023,-0.5,0.5,-1.7999999999999972,0.05054999999999987,0.010780000000000012,0.02080000000000004,2012,4,-0.846565716335699,-0.009141669968200589,-415.68696223931016,0.2025371579813814,0.22999999999999984,0.33999999999999986,0.25999999999999995,0.7288222130134472
2012-05-01,24766159,14283892,56.67,43.42,63.42,10.65,94.8,76.8,1.80577,1.70301,0.84328,1.46151,74946.0,-83366.0,0.5900000000000034,0.20000000000000284,-0.629999999999999,-0.10000000000000853,-2.1000000000000085,-0.04444999999999988,-0.03204000000000007,-0.045540000000000025,2012,5,0.4923703670019109,-0.006306172375808369,-415.7113621930411,0.14868937303390772,-0.14333333333333323,0.08333333333333333,0.20750000000000002,0.7707390196192461
2012-06-01,24696431,14348344,56.58,43.0,63.25,10.54,94.8,79.3,1.7607,1.65723,0.79458,1.41218,-69728.0,64452.0,-0.09000000000000341,-0.1700000000000017,-0.11000000000000121,0.0,2.5,-0.045070000000000165,-0.04577999999999993,-0.04870000000000008,2012,6,-0.4783964363720678,-0.0009195830701075139,-415.76069213433385,0.09922150825382159,-0.4133333333333334,0.07166666666666661,0.24083333333333323,0.7451108316989841
2012-07-01,24646581,14385958,56.75,44.36,63.14,10.13,95.1,77.8,1.75095,1.64702,0.74202,1.42587,-49850.0,37614.0,0.1700000000000017,-0.10999999999999943,-0.40999999999999837,0.29999999999999716,-1.5,-0.009749999999999925,-0.010210000000000052,-0.05255999999999994,2012,7,-0.32257276749243613,-0.019314381721944537,-415.7470020819737,0.05135583003179334,-0.38333333333333286,-0.07666666666666651,0.22000000000000006,0.7606695615168139
2012-08-01,24040769,14986756,55.85,42.53,61.6,9.34,96.0,75.9,1.81826,1.71681,0.76857,1.47232,-605812.0,600798.0,-0.8999999999999986,-1.5399999999999991,-0.7900000000000009,0.9000000000000057,-1.8999999999999915,0.06730999999999998,0.06979000000000002,0.026549999999999963,2012,8,-4.049207481291817,-0.008079682471572397,-415.7005521246229,0.08774117756362765,-0.4366666666666668,-0.29000000000000004,0.20166666666666666,0.7837419952710939
2012-09-01,24505333,14517832,55.96,41.93,62.8,10.89,95.7,75.1,1.87089,1.76422,0.81825,1.48979,464564.0,-468924.0,0.10999999999999943,1.1999999999999957,1.5500000000000007,-0.29999999999999716,-0.8000000000000114,0.052629999999999955,0.04740999999999995,0.04968000000000006,2012,9,3.0817711244596153,0.007868120984918977,-415.6830821743491,0.1348455362286316,0.11666666666666714,-0.14833333333333312,0.16666666666666666,0.7027909728469424
2012-10-01,24977795,14041202,56.23,41.98,64.01,12.17,95.1,76.0,1.83391,1.74565,0.85143,1.47508,472462.0,-476630.0,0.269999999999996,1.210000000000008,1.2799999999999994,-0.6000000000000085,0.9000000000000057,-0.03698000000000001,-0.018569999999999975,0.03317999999999999,2012,10,3.125215440339139,0.01093919559759565,-415.6977922054308,0.15815601378957345,0.6799999999999997,0.14833333333333343,0.24416666666666664,0.7726513777345845
2012-11-01,24768295,14246050,55.76,41.83,63.49,12.18,94.8,76.8,1.75907,1.71285,0.8728,1.44665,-209500.0,204848.0,-0.46999999999999886,-0.5200000000000031,0.009999999999999787,-0.29999999999999716,0.7999999999999972,-0.07484000000000002,-0.03279999999999994,0.02137,2012,11,-1.404481516487867,-0.003244554004580223,-415.726222231687,0.17624742985575326,0.9466666666666667,0.2549999999999999,0.1691666666666666,0.745342609851742
2012-12-01,24501221,14509126,55.56,41.36,62.81,11.53,94.6,76.1,1.74645,1.70111,0.88012,1.43508,-267074.0,263076.0,-0.19999999999999574,-0.6799999999999997,-0.6500000000000004,-0.20000000000000284,-0.7000000000000028,-0.012619999999999854,-0.011740000000000084,0.007319999999999993,2012,12,-1.8003996634756667,0.0006258533197751447,-415.7377922345674,0.18862776710781548,0.21333333333333293,0.16500000000000004,0.11833333333333333,0.7808600541982054
2013-01-01,24545012,14461505,54.54,39.96,62.93,13.32,94.2,77.7,1.74994,1.69438,0.87203,1.43948,43791.0,-47621.0,-1.0200000000000031,0.11999999999999744,1.790000000000001,-0.3999999999999915,1.6000000000000085,0.003489999999999993,-0.006729999999999903,-0.008090000000000042,2013,1,0.2742976186457683,0.004165209439639154,-415.7333922241201,0.18185828650019376,0.38333333333333347,0.5316666666666666,0.22750000000000004,0.9159111211346777
2013-02-01,24651944,14350054,54.82,41.1,63.21,13.27,94.3,76.5,1.781,1.69967,0.85676,1.4568,106932.0,-111451.0,0.28000000000000114,0.28000000000000114,-0.05000000000000071,0.09999999999999432,-1.2000000000000028,0.031059999999999865,0.005290000000000017,-0.015270000000000006,2013,2,0.6951792813124109,0.0037903377698772917,-415.7160722059302,0.16908645827976987,0.3633333333333333,0.6549999999999999,0.18249999999999997,0.9151067995296804
2013-03-01,24585629,14412556,54.94,40.2,63.04,12.86,94.3,78.1,1.79691,1.69394,0.84149,1.43179,-66315.0,62502.0,0.11999999999999744,-0.1700000000000017,-0.41000000000000014,0.0,1.5999999999999943,0.01591000000000009,-0.005730000000000013,-0.015270000000000006,2013,3,-0.466409839423955,0.004725898793721391,-415.7410821881689,0.15224094395934384,0.44333333333333336,0.32833333333333314,0.09000000000000001,0.9141414253027513
2013-04-01,24489735,14505159,54.78,39.02,62.8,12.78,93.9,74.2,1.7538,1.65111,0.81166,1.4043,-95894.0,92603.0,-0.1599999999999966,-0.240000000000002,-0.08000000000000007,-0.3999999999999915,-3.8999999999999915,-0.04310999999999998,-0.042829999999999924,-0.029829999999999912,2013,4,-0.6597768449660475,0.004153873527466464,-415.76857215387633,0.11654741770760324,-0.1800000000000003,0.10166666666666657,0.125,0.8973850901368935
2013-05-01,24531196,14459758,55.04,40.39,62.92,12.51,93.9,75.9,1.71616,1.61231,0.77374,1.37599,41461.0,-45401.0,0.259999999999998,0.12000000000000455,-0.2699999999999996,0.0,1.7000000000000028,-0.03764000000000012,-0.03880000000000017,-0.037920000000000065,2013,5,0.26412805023538805,0.00240809751092758,-415.79688211232735,0.07937441892716057,-0.25333333333333324,0.055000000000000014,0.15499999999999994,0.8756036878530257
2013-06-01,24439571,14539881,55.29,40.18,62.7,11.81,94.1,77.1,1.73376,1.62646,0.75335,1.36505,-91625.0,80123.0,0.25,-0.21999999999999886,-0.6999999999999993,0.19999999999998863,1.1999999999999886,0.01760000000000006,0.014150000000000107,-0.02039000000000002,2013,6,-0.6052045745748786,-0.017391959752925495,-415.80782209773844,0.06589663615301344,-0.34999999999999964,0.046666666666666856,0.10583333333333345,0.9078091342580911
2013-07-01,24267156,14687761,55.27,39.99,62.3,11.27,93.9,79.0,1.75353,1.64402,0.76803,1.4008,-172415.0,147880.0,-0.01999999999999602,-0.4000000000000057,-0.5400000000000009,-0.19999999999998863,1.9000000000000057,0.019770000000000065,0.01756000000000002,0.014680000000000026,2013,7,-1.0914458265455047,-0.055820082109602424,-415.7720721147547,0.0808756730879282,-0.5033333333333333,-0.3416666666666668,0.0949999999999999,0.9152694585848381
2013-08-01,24098255,14845028,54.98,39.63,61.88,11.14,93.9,83.3,1.76785,1.65804,0.78769,1.40438,-168901.0,157267.0,-0.29000000000000625,-0.4199999999999946,-0.129999999999999,0.0,4.299999999999997,0.014319999999999888,0.014019999999999921,0.01966000000000001,2013,8,-1.1217097525960453,-0.018206181149056234,-415.7684921363075,0.09989635285747744,-0.4566666666666664,-0.3549999999999998,0.15000000000000005,0.8762523505350399
2013-09-01,24338206,14594820,54.72,38.54,62.51,12.47,93.9,83.8,1.77323,1.67667,0.79757,1.42514,239951.0,-250208.0,-0.259999999999998,0.6299999999999955,1.33,0.0,0.5,0.005380000000000162,0.018630000000000146,0.00988,2013,9,1.602507961180019,-0.010291131403230874,-415.7477321507694,0.10952058566114675,0.22000000000000006,-0.0649999999999998,0.13166666666666668,0.8460800879062902
2013-10-01,24764774,14157293,55.28,38.91,63.63,13.12,93.2,83.8,1.72878,1.65969,0.78834,1.40971,426568.0,-437527.0,0.5600000000000023,1.1200000000000045,0.6499999999999986,-0.7000000000000028,0.0,-0.0444500000000001,-0.016979999999999995,-0.00922999999999996,2013,10,2.8581270423734417,-0.012456933537033697,-415.7631621378705,0.09498660799767022,0.6166666666666666,0.05666666666666664,0.07916666666666661,0.7857417842492227
2013-11-01,24731105,14181004,55.05,38.83,63.56,13.38,93.1,86.8,1.70356,1.63663,0.78211,1.40342,-33669.0,23711.0,-0.23000000000000398,-0.07000000000000028,0.26000000000000156,-0.10000000000000853,3.0,-0.02522000000000002,-0.02306000000000008,-0.006230000000000069,2013,11,-0.22105992984404046,-0.013372584318167543,-415.76945212476386,0.08950523626726004,0.7466666666666667,0.14500000000000016,0.10000000000000009,0.7870543472051634
2013-12-01,24445515,14454642,55.03,38.91,62.84,12.43,93.0,86.3,1.72763,1.65656,0.8448,1.42174,-285590.0,273638.0,-0.01999999999999602,-0.7199999999999989,-0.9500000000000011,-0.09999999999999432,-0.5,0.024070000000000036,0.019930000000000003,0.06269000000000002,2013,12,-1.899663664358932,-0.02020876376125025,-415.75113219953766,0.15775030332959428,-0.013333333333333641,0.10333333333333321,0.07500000000000002,0.8172292434584295
2014-01-01,24513861,14375914,54.12,37.52,63.03,14.15,93.0,87.9,1.72307,1.64899,0.8749,1.40243,68346.0,-78728.0,-0.9100000000000037,0.18999999999999773,1.7200000000000006,0.0,1.6000000000000085,-0.0045599999999998975,-0.007570000000000077,0.030100000000000016,2014,1,0.4586844839096028,-0.01271913619879132,-415.7704422286551,0.18418536527884444,0.3433333333333337,0.48000000000000015,0.06916666666666667,0.8040178461761266
2014-02-01,24670915,14208620,54.49,38.64,63.45,14.13,93.0,87.3,1.71405,1.63783,0.82339,1.41421,157054.0,-167294.0,0.37000000000000455,0.4200000000000017,-0.019999999999999574,0.0,-0.6000000000000085,-0.009020000000000028,-0.011160000000000059,-0.051510000000000056,2014,2,1.0519748021556807,-0.01190835607031673,-415.75866217136274,0.1323773848836154,0.25,0.49833333333333335,0.07166666666666677,0.8036601874982345
2014-03-01,24874831,13994210,55.42,38.81,64.0,13.4,92.8,89.2,1.7153,1.63147,0.78564,1.40184,203916.0,-214410.0,0.9299999999999997,0.5499999999999972,-0.7300000000000004,-0.20000000000000284,1.9000000000000057,0.0012499999999999734,-0.006359999999999921,-0.03774999999999995,2014,3,1.373409906923197,-0.014345192288513872,-415.77103212928654,0.09570870088279226,0.32333333333333353,0.15499999999999994,0.045000000000000075,0.8260915643724207
2014-04-01,24454572,14404401,54.69,37.57,62.93,13.1,92.6,88.3,1.7256,1.62855,0.7686,1.3872,-420259.0,410191.0,-0.730000000000004,-1.0700000000000003,-0.3000000000000007,-0.20000000000000284,-0.9000000000000057,0.010299999999999976,-0.0029200000000000337,-0.017040000000000055,2014,4,-2.805753873680992,-0.01628098872321755,-415.78567210984346,0.07950298564840563,-0.35000000000000026,-0.0033333333333332624,0.02666666666666669,0.8315411030493963
2014-05-01,24750999,14096788,55.44,39.78,63.71,12.98,92.5,87.6,1.73753,1.63068,0.76125,1.39451,296427.0,-307613.0,0.75,0.7800000000000011,-0.11999999999999922,-0.09999999999999432,-0.7000000000000028,0.011929999999999996,0.0021299999999999653,-0.007349999999999968,2014,5,1.9855642806980738,-0.013057835190019308,-415.7783621032367,0.07261945049771878,-0.38333333333333347,-0.06666666666666672,0.03916666666666672,0.8277950815085202
2014-06-01,24523657,14307431,55.9,39.38,63.15,11.48,92.7,89.3,1.74396,1.63208,0.76481,1.39805,-227342.0,210643.0,0.46000000000000085,-0.5600000000000023,-1.5,0.20000000000000284,1.7000000000000028,0.006429999999999936,0.0014000000000000679,0.0035600000000000076,2014,6,-1.4915842375041803,-0.03330304493103419,-415.77482210804453,0.0757915761671214,-0.64,-0.15833333333333321,-0.027500000000000007,0.9198332358738633
2014-07-01,24613027,14189142,55.75,39.78,63.43,12.11,92.4,91.7,1.76119,1.63564,0.77029,1.39748,89370.0,-118289.0,-0.14999999999999858,0.28000000000000114,0.629999999999999,-0.29999999999999716,2.4000000000000057,0.01723000000000008,0.0035600000000000076,0.00548000000000004,2014,7,0.6712119000416307,-0.06506708679827992,-415.7753921126463,0.08203208352828495,-0.33000000000000007,-0.34000000000000014,0.06999999999999999,0.9225754465329408
2014-08-01,24096540,14690101,55.19,39.36,62.13,11.17,92.4,88.5,1.74973,1.62161,0.76831,1.39683,-516487.0,500959.0,-0.5600000000000023,-1.2999999999999972,-0.9399999999999995,0.0,-3.200000000000003,-0.011460000000000026,-0.014029999999999987,-0.0019799999999999818,2014,8,-3.420773224505809,-0.03447250829553465,-415.77604210997083,0.0771814255564437,-0.6033333333333335,-0.49333333333333346,0.0024999999999999467,0.9670961689511547
2014-09-01,24757470,14014256,55.64,38.78,63.85,12.87,92.4,86.1,1.73456,1.61478,0.75938,1.39229,660930.0,-675845.0,0.45000000000000284,1.7199999999999989,1.6999999999999993,0.0,-2.4000000000000057,-0.015169999999999906,-0.006829999999999892,-0.008929999999999993,2014,9,4.428697221961169,-0.01865374099032848,-415.7805821035164,0.06855445634814572,0.46333333333333293,-0.08833333333333353,0.033333333333333215,1.0178348976076028
2014-10-01,25163311,13591724,55.98,39.37,64.93,13.78,92.1,85.8,1.70922,1.59324,0.75062,1.35414,405841.0,-422532.0,0.3399999999999963,1.0800000000000054,0.9100000000000001,-0.30000000000001137,-0.29999999999999716,-0.02534000000000014,-0.021540000000000115,-0.008760000000000101,2014,10,2.7440130875873594,-0.029470025217768616,-415.8187320905592,0.05823736719634087,0.5566666666666666,0.11333333333333329,0.055000000000000014,1.0347814876932848
2014-11-01,25098524,13642091,55.3,38.83,64.79,14.64,91.9,85.5,1.65241,1.55345,0.72506,1.33401,-64787.0,50367.0,-0.6799999999999997,-0.14000000000000057,0.8600000000000012,-0.19999999999998863,-0.29999999999999716,-0.05681000000000003,-0.03978999999999999,-0.025559999999999916,2014,11,-0.4101665775399951,-0.026693096902985308,-415.8388620621706,0.029693101300375724,1.156666666666667,0.27666666666666667,0.10499999999999998,1.0597812810369713
2014-12-01,24488352,14236885,55.45,39.61,63.24,12.31,91.3,87.8,1.58565,1.49347,0.68583,1.26602,-610172.0,594794.0,0.15000000000000568,-1.5500000000000043,-2.33,-0.6000000000000085,2.299999999999997,-0.06675999999999993,-0.05997999999999992,-0.03922999999999999,2014,12,-4.054100648163233,-0.0328767061223328,-415.90685201349856,-0.011328255730766679,-0.18666666666666623,0.13833333333333334,-0.009999999999999934,1.2436018070690693
2015-01-01,24541530,14168470,55.07,38.3,63.4,13.13,90.1,89.7,1.47204,1.38726,0.63024,1.17793,53178.0,-68415.0,-0.38000000000000256,0.1599999999999966,0.8200000000000003,-1.2000000000000028,1.9000000000000057,-0.11360999999999999,-0.10621000000000014,-0.05559000000000003,2015,1,0.37602811376916273,-0.026548316304010687,-415.99494194487323,-0.07257673331531178,-0.2166666666666662,0.17000000000000023,-0.08499999999999996,1.153670033178701
2015-02-01,24609355,14085883,55.12,37.61,63.6,13.33,90.6,91.7,1.48944,1.40039,0.61999,1.19365,67825.0,-82587.0,0.04999999999999716,0.20000000000000284,0.1999999999999993,0.5,2.0,0.017400000000000082,0.013130000000000086,-0.010249999999999981,2015,2,0.47471369869808205,-0.025846499035353552,-415.9792219500838,-0.06700764236476908,-0.4366666666666668,0.36000000000000004,-0.06666666666666672,1.1565413433111151
2015-03-01,24735184,13944617,55.35,38.22,63.95,13.45,90.6,95.1,1.5659,1.46226,0.64166,1.22983,125829.0,-141266.0,0.23000000000000398,0.3500000000000014,0.11999999999999922,0.0,3.3999999999999915,0.07645999999999997,0.06186999999999987,0.021669999999999967,2015,3,0.8640326726566349,-0.02703181020789124,-415.9430419796212,-0.038653444570257545,0.3799999999999996,0.09666666666666668,0.004166666666666578,1.1381041519149557
2015-04-01,24689783,13975798,55.92,38.59,63.85,12.42,90.6,94.5,1.58063,1.44772,0.65418,1.22581,-45401.0,31181.0,0.5700000000000003,-0.10000000000000142,-1.0299999999999994,0.0,-0.5999999999999943,0.01472999999999991,-0.014539999999999997,0.012519999999999976,2015,4,-0.28968232316049175,-0.023594189130145226,-415.94706197826355,-0.03497977818483877,-0.23666666666666694,-0.22666666666666657,-0.05666666666666664,1.1747598078163066
2015-05-01,24743106,13907703,55.96,38.44,64.02,12.59,90.8,94.2,1.61405,1.4802,0.64171,1.27473,53323.0,-68095.0,0.03999999999999915,0.1699999999999946,0.16999999999999993,0.20000000000000284,-0.29999999999999716,0.033420000000000005,0.032480000000000064,-0.012469999999999981,2015,5,0.3842052195141562,-0.02781625938646734,-415.8981419778436,-0.043124604534557465,-0.24666666666666673,-0.3416666666666668,-0.03250000000000005,1.176320341341824
2015-06-01,24743810,13893307,56.2,38.25,64.04,12.24,90.7,95.6,1.62284,1.47754,0.62095,1.26048,704.0,-14396.0,0.240000000000002,0.020000000000010232,-0.34999999999999964,-0.09999999999999432,1.3999999999999915,0.008790000000000076,-0.0026599999999998847,-0.02076,2015,6,0.018052736247804194,-0.02221424881243024,-415.9123919471442,-0.06762461750240845,-0.40333333333333304,-0.011666666666666714,0.06333333333333331,1.0895397972065863
2015-07-01,24441759,14168443,56.45,40.44,63.3,10.83,90.3,97.4,1.62546,1.45155,0.6024,1.2356,-302051.0,275136.0,0.25,-0.7400000000000091,-1.4100000000000001,-0.4000000000000057,1.8000000000000114,0.0026199999999998447,-0.02599000000000018,-0.018549999999999955,2015,7,-1.9569389224942983,-0.061176218431961624,-415.9372719193807,-0.08803813653595083,-0.5299999999999999,-0.38333333333333347,-0.10666666666666662,1.1505282054409405
2015-08-01,24234845,14360108,56.48,39.73,62.79,10.05,89.7,96.5,1.56782,1.39876,0.59818,1.17584,-206914.0,191665.0,0.02999999999999403,-0.509999999999998,-0.7799999999999994,-0.5999999999999943,-0.9000000000000057,-0.057639999999999914,-0.05278999999999989,-0.0042200000000000015,2015,8,-1.3606677393201232,-0.02904340604607934,-415.9970319174132,-0.09760279676923211,-0.8466666666666663,-0.5466666666666665,-0.09333333333333327,1.1408795118705832
2015-09-01,24615581,13965847,56.47,39.82,63.8,11.5,89.5,98.1,1.49474,1.36003,0.58495,1.16188,380736.0,-394261.0,-0.00999999999999801,1.009999999999998,1.4499999999999993,-0.20000000000000284,1.5999999999999943,-0.07308000000000003,-0.03872999999999993,-0.013230000000000075,2015,9,2.5647358074349005,-0.020928157968506333,-416.01099191116066,-0.11074119228272061,-0.24666666666666673,-0.3249999999999999,-0.1141666666666666,1.1069323567518667
2015-10-01,24920671,13646322,56.68,40.27,64.62,12.28,89.3,97.7,1.47321,1.3484,0.58206,1.1423,305090.0,-319525.0,0.21000000000000085,0.8200000000000074,0.7799999999999994,-0.20000000000000284,-0.3999999999999915,-0.02153000000000005,-0.01163000000000003,-0.002889999999999948,2015,10,2.065824169061441,-0.024988609122798832,-416.03057190719335,-0.10875133623237854,0.4833333333333331,-0.023333333333333428,-0.125,1.096585609973065
2015-11-01,24808771,13743945,56.42,39.05,64.35,12.33,89.0,97.4,1.45735,1.34052,0.58419,1.13312,-111900.0,97623.0,-0.259999999999998,-0.27000000000001023,0.05000000000000071,-0.29999999999999716,-0.29999999999999716,-0.015859999999999985,-0.00788000000000011,0.0021299999999999653,2015,11,-0.7324755883214291,-0.024679482461445176,-416.03975190974313,-0.10604254520717549,0.7599999999999998,-0.0433333333333333,-0.19250000000000003,1.0545669080889855
2015-12-01,24494519,14043770,56.01,39.92,63.56,11.88,88.4,97.6,1.45068,1.30885,0.59872,1.0789,-314252.0,299825.0,-0.4100000000000037,-0.789999999999992,-0.4499999999999993,-0.5999999999999943,0.19999999999998863,-0.006669999999999954,-0.031669999999999865,0.014530000000000043,2015,12,-2.0822328521622455,-0.027262560953426482,-416.09397191516297,-0.09263455865503212,0.12666666666666693,-0.05999999999999991,-0.03583333333333331,0.8221972593808208
2016-01-01,24676359,13848087,56.21,38.86,64.05,12.24,87.8,95.2,1.41605,1.23282,0.59293,1.02867,181840.0,-195683.0,0.20000000000000284,0.4899999999999949,0.35999999999999943,-0.6000000000000085,-2.3999999999999915,-0.03462999999999994,-0.07603000000000004,-0.005790000000000073,2016,1,1.230802860258071,-0.02168631990528132,-416.1442018983124,-0.10304335583078084,-0.01333333333333305,0.23500000000000001,-0.07416666666666671,0.7887096289433
2016-02-01,24510215,13999635,55.67,38.47,63.65,12.53,87.4,95.5,1.37818,1.19242,0.55662,1.01956,-166144.0,151548.0,-0.5399999999999991,-0.3999999999999986,0.28999999999999915,-0.3999999999999915,0.29999999999999716,-0.03787000000000007,-0.04039999999999999,-0.03630999999999995,2016,2,-1.0856285568055608,-0.028339272225431665,-416.1533118719369,-0.13699398924758321,0.06666666666666643,0.4133333333333331,-0.06666666666666672,0.7919749001226247
2016-03-01,24741433,13755967,56.36,38.77,64.27,12.3,87.5,94.7,1.38815,1.2251,0.54188,1.05078,231218.0,-243668.0,0.6899999999999977,0.6199999999999974,-0.22999999999999865,0.09999999999999432,-0.7999999999999972,0.009970000000000034,0.03268000000000004,-0.014739999999999975,2016,3,1.5598035790600684,-0.01862007702966432,-416.12209187250716,-0.14392239602996182,0.13999999999999999,0.13333333333333344,-0.09583333333333321,0.7909195836991185
2016-04-01,25007098,13476018,57.16,39.75,64.98,12.04,87.0,97.9,1.42094,1.23768,0.54685,1.05446,265665.0,-279949.0,0.7999999999999972,0.710000000000008,-0.26000000000000156,-0.5,3.200000000000003,0.0327900000000001,0.012579999999999814,0.004969999999999919,2016,4,1.7950002811168337,-0.02293129386314143,-416.11841186588714,-0.13898321829413574,-0.06666666666666703,-0.040000000000000036,-0.03166666666666673,0.7376847483029503
2016-05-01,25026808,13442326,57.46,40.66,65.06,11.68,87.6,98.0,1.45265,1.27622,0.55117,1.10028,19710.0,-33692.0,0.30000000000000426,0.0799999999999983,-0.35999999999999943,0.5999999999999943,0.09999999999999432,0.031709999999999905,0.03854000000000002,0.0043200000000001015,2016,5,0.15507009661026186,-0.025432227576012482,-416.07259188040143,-0.13299243132603178,-0.2833333333333332,-0.10833333333333339,-0.07583333333333335,0.7403740864446751
2016-06-01,25152748,13304221,57.81,40.83,65.4,11.62,88.0,95.7,1.47916,1.31902,0.55972,1.13088,125940.0,-138105.0,0.3500000000000014,0.3400000000000034,-0.0600000000000005,0.4000000000000057,-2.299999999999997,0.026510000000000034,0.04280000000000017,0.008549999999999947,2016,6,0.8486472277262143,-0.01678219927582547,-416.0419918924888,-0.12449593443018403,-0.22666666666666715,-0.04333333333333359,-0.05166666666666675,0.7353271792923608
2016-07-01,24836384,13596371,57.56,40.71,64.62,10.93,89.0,95.6,1.45654,1.30653,0.5629,1.10492,-316364.0,292150.0,-0.25,-0.7800000000000011,-0.6899999999999995,1.0,-0.10000000000000853,-0.022620000000000084,-0.012490000000000112,0.0031799999999999606,2016,7,-2.0612302652772483,-0.05416986521443452,-416.06795188593856,-0.1279565958126032,-0.36999999999999983,-0.2183333333333334,0.008333333333333304,0.6372502481661957
2016-08-01,24469112,13952785,57.13,39.82,63.69,10.3,88.9,93.6,1.43305,1.28819,0.56112,1.09296,-367272.0,356414.0,-0.4299999999999997,-0.9300000000000068,-0.629999999999999,-0.09999999999999432,-2.0,-0.02349000000000001,-0.018340000000000023,-0.0017800000000000038,2016,8,-2.4471728389854457,-0.01850397530378909,-416.07991188200816,-0.1301755067707726,-0.4599999999999997,-0.3716666666666664,0.020833333333333332,0.6216613859553108
2016-09-01,25086464,13324680,57.49,40.31,65.31,11.97,88.9,94.2,1.45371,1.30044,0.56158,1.11246,617352.0,-628105.0,0.35999999999999943,1.6200000000000045,1.67,0.0,0.6000000000000085,0.020660000000000123,0.012250000000000094,0.00046000000000001595,2016,9,4.13891198002536,-0.01226037174866381,-416.06041188455856,-0.12504990168948882,0.11666666666666714,-0.055000000000000014,0.03916666666666672,0.6690761382592253
2016-10-01,25072371,13327162,57.34,39.57,65.29,12.19,88.8,95.7,1.47391,1.32099,0.56573,1.14859,-14093.0,2482.0,-0.14999999999999858,-0.01999999999999602,0.21999999999999886,-0.10000000000000853,1.5,0.020199999999999996,0.020550000000000068,0.004149999999999987,2016,10,-0.08701637265394718,-0.016981816355381672,-416.02428189228164,-0.12038359179323332,0.41999999999999993,0.02500000000000006,-0.0074999999999999884,0.6311623476498803
2016-11-01,25255523,13133421,57.33,38.9,65.79,12.86,88.7,95.7,1.47543,1.32716,0.5801,1.12709,183152.0,-193741.0,-0.010000000000005116,0.5,0.6699999999999999,-0.09999999999999432,0.0,0.0015199999999999658,0.006169999999999787,0.014369999999999994,2016,11,1.2379628341154225,-0.015623785765964484,-416.04578190676506,-0.10814322315153069,0.8533333333333329,0.19666666666666663,0.04416666666666661,0.6609697879676951
2016-12-01,24949083,13429364,57.07,40.4,65.01,12.21,89.2,95.0,1.49598,1.35185,0.58502,1.17734,-306440.0,295943.0,-0.259999999999998,-0.7800000000000011,-0.6499999999999986,0.5,-0.7000000000000028,0.020550000000000068,0.0246900000000001,0.0049200000000000355,2016,12,-2.047527899502496,-0.015427275023704853,-415.9955319150363,-0.10087116091348214,0.08000000000000007,0.0983333333333336,0.027500000000000007,0.6768929685770787
2017-01-01,25029191,13338518,57.0,39.35,65.24,12.62,90.0,97.5,1.54411,1.39815,0.60208,1.20425,80108.0,-90846.0,-0.07000000000000028,0.22999999999998977,0.40999999999999837,0.7999999999999972,2.5,0.048130000000000006,0.04630000000000001,0.017059999999999964,2017,1,0.5463311026923559,-0.01583228666057959,-415.968621936075,-0.08079532033489056,0.14333333333333323,0.28166666666666657,0.031666666666666586,0.6792754607043822
2017-02-01,24932089,13424519,57.09,39.45,65.0,12.17,90.3,98.8,1.54983,1.39985,0.63178,1.20979,-97102.0,86001.0,0.09000000000000341,-0.23999999999999488,-0.4499999999999993,0.29999999999999716,1.2999999999999972,0.005719999999999947,0.0017000000000000348,0.02970000000000006,2017,2,-0.6477203810848251,-0.015049569750472173,-415.9630819613443,-0.05672504537429979,-0.22999999999999984,0.31166666666666654,-0.029999999999999954,0.6872342461569477
2017-03-01,24996112,13349512,57.14,40.38,65.19,12.35,90.2,99.1,1.54037,1.39397,0.63935,1.18281,64023.0,-75007.0,0.04999999999999716,0.18999999999999773,0.17999999999999972,-0.09999999999999432,0.29999999999999716,-0.009460000000000024,-0.005880000000000107,0.007569999999999966,2017,3,0.4407056064654202,-0.016918053649533808,-415.9900619700817,-0.050592087617449266,0.046666666666666266,0.06333333333333317,0.004166666666666578,0.6865785836414873
2017-04-01,25047509,13287908,57.92,40.28,65.34,11.36,90.3,100.7,1.55138,1.40333,0.62705,1.17217,51397.0,-61604.0,0.7800000000000011,0.15000000000000568,-0.9900000000000002,0.09999999999999432,1.6000000000000085,0.011009999999999964,0.009360000000000035,-0.012299999999999978,2017,4,0.34825579272750407,-0.013366914710541427,-416.00070195782837,-0.06060724353512026,-0.41999999999999993,-0.13833333333333334,-0.05666666666666664,0.742199842401361
2017-05-01,24969804,13355501,57.75,40.32,65.15,11.36,90.0,99.3,1.5285,1.37964,0.618,1.15196,-77705.0,67593.0,-0.1700000000000017,-0.18999999999999773,0.0,-0.29999999999999716,-1.4000000000000057,-0.02288000000000001,-0.02368999999999999,-0.009050000000000002,2017,5,-0.5203822035388057,-0.01254028188760803,-416.0209119427551,-0.0738493350344408,-0.2700000000000002,-0.25,-0.02666666666666669,0.7360747656359778
2017-06-01,25064010,13251074,58.3,41.04,65.42,10.88,89.8,99.2,1.50194,1.352,0.61683,1.1122,94206.0,-104427.0,0.5499999999999972,0.269999999999996,-0.47999999999999865,-0.20000000000000284,-0.09999999999999432,-0.026559999999999917,-0.027639999999999887,-0.0011700000000000044,2017,6,0.6424687034950425,-0.01538423647537659,-416.06067194077895,-0.07549820314890365,-0.4899999999999996,-0.22166666666666668,-0.061666666666666536,0.7476974756888739
2017-07-01,25092005,13197431,58.37,41.45,65.53,10.92,89.8,98.6,1.49063,1.33828,0.6134,1.12385,27995.0,-53643.0,0.07000000000000028,0.10999999999999943,0.03999999999999915,0.0,-0.6000000000000085,-0.011310000000000153,-0.013720000000000176,-0.003430000000000044,2017,7,0.24388512154783784,-0.05500687011707047,-416.04902193892485,-0.07707587975420782,-0.1466666666666665,-0.2833333333333332,-0.0008333333333333156,0.7211538523698517
2017-08-01,24849670,13429435,58.17,41.75,64.92,10.39,90.2,99.5,1.49993,1.35431,0.62019,1.12734,-242335.0,232004.0,-0.19999999999999574,-0.6099999999999994,-0.5299999999999994,0.4000000000000057,0.9000000000000057,0.009300000000000086,0.01602999999999999,0.006790000000000074,2017,8,-1.615679786250715,-0.015623517270435818,-416.0455319530508,-0.0670904249333254,-0.323333333333333,-0.2966666666666666,0.0074999999999999884,0.7137624381976243
2017-09-01,25083866,13184966,58.25,40.44,65.55,11.14,90.3,100.5,1.52228,1.37319,0.64016,1.15752,234196.0,-244469.0,0.0799999999999983,0.6299999999999955,0.75,0.09999999999999432,1.0,0.022350000000000092,0.018880000000000008,0.019969999999999932,2017,9,1.57681805045473,-0.01402783162932722,-416.0153519734451,-0.04623895196321337,0.0866666666666666,-0.20166666666666652,-0.06916666666666667,0.5494535853229476
2017-10-01,25157904,13100875,58.18,40.19,65.76,11.52,90.6,101.2,1.52506,1.38745,0.65785,1.16509,74038.0,-84091.0,-0.07000000000000028,0.21000000000000796,0.379999999999999,0.29999999999999716,0.7000000000000028,0.0027800000000000047,0.014260000000000161,0.017690000000000095,2017,10,0.5005297233349008,-0.013200966152832684,-416.0077819953593,-0.03008577432610482,0.19999999999999987,0.02666666666666669,-0.055833333333333325,0.5589675276522745
2017-11-01,25333975,12914466,58.51,40.77,66.24,11.66,90.9,101.3,1.5437,1.41308,0.66593,1.20003,176071.0,-186409.0,0.3299999999999983,0.47999999999998977,0.14000000000000057,0.30000000000001137,0.09999999999999432,0.01863999999999999,0.02562999999999982,0.008079999999999976,2017,11,1.188612188361354,-0.014666257389289585,-415.9728420051586,-0.020335840376828895,0.4233333333333332,0.05000000000000012,-0.09999999999999994,0.5156637382142457
2017-12-01,24694291,13544310,57.47,40.5,64.58,11.01,91.0,101.0,1.55004,1.42113,0.67515,1.21221,-639684.0,629844.0,-1.0399999999999991,-1.6599999999999966,-0.6500000000000004,0.09999999999999432,-0.29999999999999716,0.006340000000000012,0.008050000000000113,0.009220000000000006,2017,12,-4.292652675616408,-0.01173778302168591,-415.9606620114542,-0.013064470609948198,-0.04333333333333359,0.0216666666666665,-0.10000000000000009,0.5156637382142459
2018-01-01,24879938,13348825,57.24,40.03,65.08,12.05,91.5,99.7,1.5686,1.44327,0.67695,1.23609,185647.0,-195485.0,-0.22999999999999687,0.5,1.040000000000001,0.5,-1.2999999999999972,0.01855999999999991,0.02214000000000005,0.0018000000000000238,2018,1,1.247437255218721,-0.012248238400921773,-415.9367820160695,-0.00960036024938693,0.17666666666666705,0.18833333333333346,-0.047499999999999876,0.5978313079182727
2018-02-01,24816509,13402084,57.46,39.36,64.93,11.51,91.7,101.1,1.55825,1.43105,0.66047,1.202,-63429.0,53259.0,0.21999999999999886,-0.14999999999999147,-0.5400000000000009,0.20000000000000284,1.3999999999999915,-0.010350000000000081,-0.01222000000000012,-0.01648000000000005,2018,2,-0.4221637152302784,-0.013334487182750534,-415.9708719912734,-0.030037340103316934,-0.05000000000000012,0.18666666666666654,-0.055000000000000014,0.6038738579899251
2018-03-01,25117770,13091237,58.05,41.36,65.74,11.7,91.9,100.2,1.54796,1.42358,0.65172,1.20937,301261.0,-310847.0,0.5899999999999963,0.8099999999999881,0.1899999999999995,0.20000000000000284,-0.8999999999999915,-0.01028999999999991,-0.007469999999999866,-0.008750000000000036,2018,3,2.0293015544452806,-0.01355058605292004,-415.9635019833363,-0.038428058303888846,0.22999999999999984,0.09333333333333312,-0.054166666666666696,0.6042344267122176
2018-04-01,25316248,12883307,58.64,40.99,66.27,11.52,91.6,99.2,1.56969,1.44649,0.64553,1.24772,198478.0,-207930.0,0.5900000000000034,0.5300000000000011,-0.17999999999999972,-0.30000000000001137,-1.0,0.021730000000000027,0.022909999999999986,-0.006189999999999918,2018,4,1.3296357150902556,-0.010465351671865993,-415.9251519809837,-0.040655066337275336,-0.17666666666666705,0.0,0.013333333333333345,0.5309910688057898
2018-05-01,25263944,12925930,59.17,41.7,66.15,10.55,92.2,98.6,1.62103,1.49935,0.65332,1.2902,-52304.0,42623.0,0.5300000000000011,-0.11999999999999034,-0.9699999999999989,0.6000000000000085,-0.6000000000000085,0.05133999999999994,0.05285999999999991,0.007789999999999964,2018,5,-0.3478215380912703,-0.012405089672793277,-415.88267199441776,-0.029129430961755687,-0.3199999999999997,-0.18499999999999991,-0.0674999999999999,0.6022552313067635
2018-06-01,25313935,12865436,59.26,42.42,66.3,10.61,92.5,99.2,1.64166,1.52133,0.67004,1.29042,49991.0,-60494.0,0.0899999999999963,0.14999999999999147,0.05999999999999872,0.29999999999999716,0.6000000000000085,0.020629999999999926,0.02198000000000011,0.016719999999999957,2018,6,0.3426323713593117,-0.014968988805246148,-415.8824520079474,-0.01637124354467967,-0.3633333333333333,-0.06666666666666672,-0.022500000000000114,0.5886521584402484
2018-07-01,24918259,13231771,58.91,41.62,65.32,9.81,93.8,98.2,1.63046,1.50874,0.67524,1.28408,-395676.0,366335.0,-0.3500000000000014,-0.980000000000004,-0.7999999999999989,1.2999999999999972,-1.0,-0.011199999999999877,-0.012590000000000101,0.005199999999999982,2018,7,-2.575672160040937,-0.06807796760647783,-415.88879200763074,-0.015401757650165604,-0.5699999999999997,-0.37333333333333335,-0.09249999999999996,0.629099283969477
2018-08-01,24636387,13502996,59.0,41.44,64.6,8.66,94.1,97.6,1.62952,1.50716,0.67827,1.29027,-281872.0,271225.0,0.09000000000000341,-0.7199999999999989,-1.1500000000000004,0.29999999999999716,-0.6000000000000085,-0.0009399999999999409,-0.0015799999999999148,0.003030000000000088,2018,8,-1.8859605226275664,-0.014740034500016293,-415.88260201288284,-0.011036022599692052,-0.6300000000000002,-0.4749999999999999,-0.1441666666666667,0.6907368704813895
2018-09-01,24900930,13228693,58.7,40.94,65.31,10.12,94.5,97.9,1.6422,1.52496,0.69126,1.30849,264543.0,-274303.0,-0.29999999999999716,0.710000000000008,1.459999999999999,0.4000000000000057,0.30000000000001137,0.012680000000000025,0.017800000000000038,0.012989999999999946,2018,9,1.7798730344357265,-0.012978458947766685,-415.8643820315082,0.004012581832650186,-0.1633333333333334,-0.26333333333333336,-0.08500000000000012,0.796589320449719
2018-10-01,25279697,12839540,58.78,40.48,66.32,11.37,95.7,96.7,1.65886,1.56165,0.70981,1.33601,378767.0,-389153.0,0.0799999999999983,1.009999999999991,1.25,1.2000000000000028,-1.2000000000000028,0.016659999999999897,0.03668999999999989,0.018550000000000066,2018,10,2.5489180102484084,-0.014787508354425374,-415.836862058099,0.023997361709599874,0.5199999999999996,-0.02500000000000006,-0.01250000000000003,0.8781708779668628
2018-11-01,25102511,13007351,58.52,40.77,65.87,11.16,95.1,95.6,1.6129,1.53765,0.70285,1.29089,-177186.0,167811.0,-0.259999999999998,-0.44999999999998863,-0.20999999999999908,-0.6000000000000085,-1.1000000000000085,-0.04596,-0.02400000000000002,-0.006960000000000077,2018,11,-1.189498871917138,-0.010826538908141461,-415.8819820411701,0.00927767241649069,0.8333333333333334,0.10166666666666657,-0.041666666666666664,0.8784576704587868
2018-12-01,24792224,13307996,58.32,40.62,65.07,10.38,94.7,94.3,1.5096,1.45115,0.66603,1.25538,-310287.0,300645.0,-0.20000000000000284,-0.8000000000000114,-0.7799999999999994,-0.3999999999999915,-1.2999999999999972,-0.10329999999999995,-0.08650000000000002,-0.036819999999999964,2018,12,-2.0837721237893128,-0.01096605061829992,-415.9174919894944,-0.03499269003388805,0.08666666666666718,-0.03833333333333311,-0.052499999999999915,0.887397881448902
2019-01-01,24930845,13159059,57.95,39.84,65.45,11.47,94.6,94.0,1.49013,1.43473,0.65704,1.27684,138621.0,-148937.0,-0.36999999999999744,0.38000000000000966,1.0899999999999999,-0.10000000000000853,-0.29999999999999716,-0.0194700000000001,-0.01641999999999988,-0.008990000000000054,2019,1,0.9354734374223219,-0.014102168542531004,-415.8960319878393,-0.03427461545849442,0.033333333333333805,0.27666666666666667,-0.04833333333333334,0.8930930251184088
2019-02-01,24934920,13145622,57.91,40.29,65.48,11.55,94.6,93.6,1.52115,1.46566,0.65771,1.29562,4075.0,-13437.0,-0.04000000000000625,0.030000000000001137,0.08000000000000007,0.0,-0.4000000000000057,0.031020000000000048,0.030929999999999902,0.0006700000000000594,2019,2,0.032011730314971655,-0.012289591200810518,-415.8772519954491,-0.02743505798174095,0.1300000000000002,0.48166666666666674,0.0033333333333334103,0.8799001320742267
2019-03-01,25054399,13016046,58.79,42.56,65.81,10.67,94.5,95.1,1.55809,1.49522,0.656,1.30891,119479.0,-129576.0,0.8800000000000026,0.3299999999999983,-0.8800000000000008,-0.09999999999999432,1.5,0.03693999999999997,0.02956000000000003,-0.0017099999999999893,2019,3,0.8065751044549778,-0.01359738736337683,-415.8639619918278,-0.028881552750822714,0.09666666666666639,0.09166666666666679,-0.08583333333333328,0.9128622153657273
2019-04-01,25120947,12940153,59.05,41.24,66.0,10.54,93.5,94.5,1.60987,1.50964,0.65362,1.32698,66548.0,-75893.0,0.259999999999998,0.18999999999999773,-0.13000000000000078,-1.0,-0.5999999999999943,0.05177999999999994,0.0144200000000001,-0.0023800000000000487,2019,4,0.4483293328588125,-0.011428065231443879,-415.8458919805648,-0.0313986070438651,-0.3100000000000005,-0.13833333333333334,-0.0816666666666667,0.9125073681728253
2019-05-01,25063283,12988514,59.39,41.74,65.87,9.83,93.6,95.0,1.62634,1.5191,0.65094,1.33,-57664.0,48361.0,0.3400000000000034,-0.12999999999999545,-0.7099999999999991,0.09999999999999432,0.5,0.016469999999999985,0.009459999999999802,-0.0026800000000000157,2019,5,-0.3811946574636932,-0.012500033038538716,-415.8428719831219,-0.036484497960536766,-0.5733333333333336,-0.22166666666666668,-0.06000000000000005,0.8923615247807865
2019-06-01,25098477,12932329,59.84,42.56,66.0,9.33,93.3,94.3,1.59691,1.48783,0.63815,1.28316,35194.0,-56185.0,0.45000000000000284,0.12999999999999545,-0.5,-0.29999999999999716,-0.7000000000000028,-0.029429999999999845,-0.03126999999999991,-0.012789999999999968,2019,6,0.2827932064609899,-0.04430855540847698,-415.8897119635966,-0.054677965151326946,-0.4466666666666666,-0.17500000000000013,-0.10666666666666662,0.900124570503573
2019-07-01,24964751,13029961,59.4,42.79,65.71,9.6,93.1,94.7,1.59454,1.48229,0.62016,1.30189,-133726.0,97632.0,-0.44000000000000483,-0.29000000000000625,0.2699999999999996,-0.20000000000000284,0.4000000000000057,-0.0023699999999999832,-0.005539999999999878,-0.01798999999999995,2019,7,-0.7984135550695041,-0.08526663775147447,-415.8709819475343,-0.06926376085257646,-0.3133333333333332,-0.3116666666666668,-0.01750000000000007,0.8779223925112781
2019-08-01,24645791,13326196,59.47,42.13,64.91,8.38,92.7,93.8,1.57447,1.46204,0.60821,1.29276,-318960.0,296235.0,0.07000000000000028,-0.7999999999999972,-1.2199999999999989,-0.3999999999999915,-0.9000000000000057,-0.020070000000000032,-0.0202500000000001,-0.011950000000000016,2019,8,-2.093299415653118,-0.04740870922691298,-415.8801119326176,-0.08320197277822361,-0.4833333333333331,-0.5283333333333333,-0.02333333333333328,0.8863236976238963
2019-09-01,24955806,12998518,59.19,41.89,65.75,9.98,92.9,93.7,1.57909,1.47141,0.60226,1.31452,310015.0,-327678.0,-0.28000000000000114,0.8400000000000034,1.5999999999999996,0.20000000000000284,-0.09999999999999432,0.0046200000000000685,0.0093700000000001,-0.005950000000000011,2019,9,2.1121911804861386,-0.0343558509895137,-415.85835193177434,-0.08567344664335563,0.21666666666666679,-0.11499999999999992,-0.011666666666666567,0.908273420320448
2019-10-01,24984653,12953350,59.21,41.61,65.86,10.1,92.9,94.3,1.57679,1.47185,0.60999,1.3092,28847.0,-45168.0,0.020000000000003126,0.10999999999999943,0.11999999999999922,0.0,0.5999999999999943,-0.0023000000000001908,0.00043999999999999595,0.007730000000000015,2019,10,0.22684658847387845,-0.032453011221256316,-415.8636719384774,-0.07898517542064232,0.16666666666666666,-0.07333333333333325,-0.1058333333333333,0.8198498569120977
2019-11-01,25121493,12801647,59.55,42.36,66.24,10.1,92.7,93.9,1.57567,1.47131,0.61038,1.31685,136840.0,-151703.0,0.3399999999999963,0.37999999999999545,0.0,-0.20000000000000284,-0.3999999999999915,-0.0011200000000000099,-0.000540000000000207,0.00039000000000000146,2019,11,0.937675267104821,-0.025975134554905608,-415.8560219383038,-0.07859329095026801,0.5733333333333329,0.04499999999999993,-0.08833333333333337,0.8196654897892885
2019-12-01,24796870,13111367,58.89,41.79,65.41,9.98,92.7,95.1,1.58491,1.48248,0.62396,1.32862,-324623.0,309720.0,-0.6599999999999966,-0.8299999999999983,-0.11999999999999922,0.0,1.1999999999999886,0.009240000000000137,0.011170000000000124,0.013579999999999925,2019,12,-2.161801870560171,-0.02521839557608073,-415.8442519554463,-0.06366686185083048,0.0,0.10833333333333339,-0.03333333333333336,0.7906652358308883
2020-01-01,24844917,13045355,58.58,40.65,65.57,10.67,92.5,94.1,1.58642,1.48518,0.64147,1.31734,48047.0,-66012.0,-0.3100000000000023,0.1599999999999966,0.6899999999999995,-0.20000000000000284,-1.0,0.0015099999999999003,0.0026999999999999247,0.017510000000000026,2020,1,0.3591892556961351,-0.036282677532403135,-415.8555319732902,-0.047254662943439496,0.19000000000000009,0.17833333333333337,-0.06666666666666672,0.7461822021382432
2020-02-01,24777225,13101776,58.72,41.56,65.41,10.23,92.1,94.2,1.54873,1.44314,0.63308,1.27989,-67692.0,56421.0,0.14000000000000057,-0.1599999999999966,-0.4399999999999995,-0.4000000000000057,0.10000000000000853,-0.03769,-0.042039999999999855,-0.008390000000000009,2020,2,-0.44732732455158153,-0.016213920580873297,-415.8929819557634,-0.060941368878403845,0.04333333333333359,0.3083333333333333,-0.11000000000000003,0.7519671172694619
2020-03-01,23645271,14223474,57.58,40.15,62.44,7.78,91.1,79.3,1.48659,1.37822,0.61701,1.17618,-1131954.0,1121698.0,-1.1400000000000006,-2.969999999999999,-2.45,-1.0,-14.900000000000006,-0.06213999999999986,-0.06492000000000009,-0.01607000000000003,2020,3,-7.614683821046461,-0.007086301874151642,-415.99669193470237,-0.07993242499495479,-0.7333333333333334,-0.3666666666666667,-0.24083333333333332,0.9953204904893087
2020-04-01,22939428,14915868,56.62,37.84,60.6,6.56,88.7,94.3,1.40857,1.30241,0.60134,1.09182,-705843.0,692394.0,-0.9600000000000009,-1.8399999999999963,-1.2200000000000006,-2.3999999999999915,15.0,-0.07801999999999998,-0.07580999999999993,-0.015669999999999962,2020,4,-4.734555168491634,-0.018526914634917478,-416.0810519166985,-0.09721066636539788,-1.37,-0.59,-0.3316666666666666,1.0332986308933443
2020-05-01,23343575,14494149,56.65,38.13,61.69,8.18,88.6,54.3,1.36522,1.25559,0.59419,1.07581,404147.0,-421719.0,0.030000000000001137,1.0899999999999963,1.62,-0.10000000000000853,-40.0,-0.04335,-0.046820000000000084,-0.00714999999999999,2020,5,2.7469780907611177,-0.035095731275529396,-416.0970619122252,-0.10033141947628099,-0.6833333333333336,-0.32,-0.13750000000000004,1.1661211928284452
2020-06-01,23697528,14116936,56.66,37.96,62.67,9.59,89.1,63.6,1.3845,1.27246,0.59364,1.10585,353953.0,-377213.0,0.00999999999999801,0.980000000000004,1.4100000000000001,0.5,9.300000000000004,0.019279999999999964,0.01686999999999994,-0.0005500000000000504,2020,6,2.441066180503076,-0.053736661240207144,-416.0670219219556,-0.09288850129797255,0.6033333333333332,-0.0650000000000001,0.02166666666666665,1.2401453971452725
2020-07-01,24109035,13698134,56.82,39.02,63.77,10.89,89.9,72.0,1.4031,1.28958,0.59423,1.12527,411507.0,-418802.0,0.1600000000000037,1.1000000000000014,1.3000000000000007,0.8000000000000114,8.399999999999999,0.01859999999999995,0.017120000000000024,0.0005900000000000905,2020,7,2.7654761432414365,-0.00857576652528519,-416.04760192284033,-0.09232407786798691,1.4433333333333336,0.03666666666666677,0.10750000000000008,1.2933966908879888
2020-08-01,24175826,13598367,57.72,40.29,64.0,9.82,90.0,77.7,1.39908,1.28502,0.59461,1.11633,66791.0,-99767.0,0.8999999999999986,0.22999999999999687,-1.0700000000000003,0.09999999999999432,5.700000000000003,-0.0040199999999999125,-0.0045599999999998975,0.00037999999999993594,2020,8,0.5365071186600455,-0.0768602425929692,-416.05654192001134,-0.0947423318589874,0.5466666666666669,-0.06833333333333336,0.11999999999999995,1.2800568169208173
2020-09-01,24348212,13396612,57.7,39.38,64.51,10.56,90.1,86.6,1.39159,1.27081,0.5928,1.08939,172386.0,-201755.0,-0.01999999999999602,0.5100000000000051,0.7400000000000002,0.09999999999999432,8.899999999999991,-0.007489999999999997,-0.014210000000000056,-0.0018099999999999783,2020,9,1.2403813637591785,-0.06931153650810021,-416.0834819151948,-0.09740086801568082,0.32333333333333353,0.4633333333333334,0.04833333333333334,1.2119243400726822
2020-10-01,24430006,13286739,57.86,40.3,64.77,10.67,90.7,88.2,1.38757,1.25933,0.59187,1.08415,81794.0,-109873.0,0.1599999999999966,0.2599999999999909,0.10999999999999943,0.6000000000000085,1.6000000000000085,-0.004020000000000135,-0.011479999999999935,-0.0009299999999999864,2020,10,0.6183320395798695,-0.06303801868468516,-416.0887219144474,-0.09793830971697404,-0.07333333333333354,0.685,0.04750000000000002,1.2118740183548935
2020-11-01,24017595,13675364,57.86,39.5,63.72,9.2,90.5,79.4,1.39059,1.26141,0.59676,1.09454,-412411.0,388625.0,0.0,-1.0499999999999972,-1.4700000000000006,-0.20000000000000284,-8.799999999999997,0.0030200000000000227,0.0020799999999998597,0.00488999999999995,2020,11,-2.7228740785683208,-0.048519756097132834,-416.0783319233581,-0.09173783755021303,-0.206666666666667,0.16999999999999993,-0.07500000000000002,1.2889565900018087
2020-12-01,23726774,13942384,56.84,38.37,62.99,9.77,91.0,82.8,1.42391,1.30032,0.61511,1.13686,-290821.0,267020.0,-1.019999999999996,-0.7299999999999969,0.5700000000000003,0.5,3.3999999999999915,0.033320000000000016,0.03891,0.01835000000000009,2020,12,-1.9051311517664886,-0.049069339717198714,-416.0360119508368,-0.06918973674810713,-0.26333333333333364,0.029999999999999954,-0.01750000000000007,1.302090103012705
2021-01-01,23557516,14090249,55.61,36.94,62.57,11.13,92.2,87.0,1.46548,1.3383,0.63283,1.16218,-169258.0,147865.0,-1.230000000000004,-0.4200000000000017,1.3600000000000012,1.2000000000000028,4.200000000000003,0.041569999999999885,0.037980000000000125,0.017719999999999958,2021,1,-1.101492920853709,-0.04146115190391866,-416.010691968357,-0.05111731451359203,0.15333333333333363,0.040000000000000036,0.03833333333333341,1.348715438234965
2021-02-01,23654402,13975694,55.99,38.14,62.86,10.93,92.7,89.9,1.51112,1.38324,0.64412,1.2098,96886.0,-114555.0,0.38000000000000256,0.28999999999999915,-0.20000000000000107,0.5,2.9000000000000057,0.045640000000000125,0.04493999999999998,0.011290000000000022,2021,2,0.6882325094372357,-0.03615114604788696,-415.9630719825351,-0.03916304050418273,0.5766666666666668,0.18499999999999991,0.05833333333333327,1.3427436859135131
2021-03-01,23765593,13846423,56.5,38.79,63.19,10.59,93.5,91.5,1.56813,1.43578,0.65947,1.24134,111191.0,-129271.0,0.509999999999998,0.3299999999999983,-0.33999999999999986,0.7999999999999972,1.5999999999999943,0.057010000000000005,0.05254000000000003,0.015349999999999975,2021,3,0.7873696341972202,-0.03775958485110074,-415.9315319999163,-0.02269150335900305,0.27333333333333343,0.004999999999999893,0.23416666666666663,1.100763853242857
2021-04-01,24001781,13588005,57.27,39.15,63.85,10.31,94.7,93.2,1.57555,1.43673,0.66355,1.23871,236188.0,-258418.0,0.7700000000000031,0.6600000000000037,-0.27999999999999936,1.2000000000000028,1.7000000000000028,0.007419999999999982,0.0009500000000000064,0.0040799999999999725,2021,4,1.638152889594252,-0.048333805371861605,-415.93416199581236,-0.025033204348585913,-0.27333333333333343,-0.05999999999999991,0.31250000000000006,1.018225952777227
2021-05-01,24147802,13420585,57.96,40.9,64.28,9.83,95.8,99.1,1.59033,1.44934,0.66328,1.24756,146021.0,-167420.0,0.6899999999999977,0.4299999999999997,-0.4800000000000004,1.0999999999999943,5.8999999999999915,0.014780000000000015,0.01261000000000001,-0.00026999999999999247,2021,5,1.0361658473452877,-0.047786629244265154,-415.92531199825976,-0.02408131919143086,-0.36666666666666653,0.10500000000000013,0.13750000000000004,0.9513447420266846
2021-06-01,24474186,13078964,59.11,41.86,65.17,9.3,97.2,103.0,1.61363,1.4734,0.66561,1.27477,326384.0,-341621.0,1.1499999999999986,0.8900000000000006,-0.5299999999999994,1.4000000000000057,3.9000000000000057,0.023299999999999876,0.02405999999999997,0.0023300000000000542,2021,6,2.2227818775084582,-0.03040229298624136,-415.8981020032614,-0.02048564813939191,-0.4299999999999997,-0.07833333333333314,-0.024166666666666597,0.8774079421624229
2021-07-01,24495890,13055244,59.34,43.53,65.23,9.04,100.0,105.8,1.65096,1.50834,0.68071,1.295,21704.0,-23720.0,0.23000000000000398,0.060000000000002274,-0.26000000000000156,2.799999999999997,2.799999999999997,0.037330000000000085,0.03493999999999997,0.015100000000000002,2021,7,0.12010140352275915,0.008998662250829716,-415.87787202101623,-0.00388494069327594,-0.4233333333333338,-0.3483333333333336,-0.15416666666666679,0.7726984397472789
2021-08-01,24169505,13360389,58.72,41.87,64.4,8.82,100.4,105.8,1.65417,1.50536,0.69533,1.28773,-326385.0,305145.0,-0.6200000000000045,-0.8299999999999983,-0.21999999999999886,0.4000000000000057,0.0,0.003209999999999935,-0.0029799999999999827,0.014619999999999966,2021,8,-2.1555142182860427,-0.041302499281833584,-415.88514203035345,0.0061055610249021175,-0.3366666666666666,-0.35166666666666657,-0.08333333333333333,0.7181457605064127
2021-09-01,24508875,13003817,59.37,42.15,65.33,9.12,102.0,105.7,1.66958,1.51729,0.70996,1.31391,339370.0,-356572.0,0.6499999999999986,0.9299999999999926,0.29999999999999893,1.5999999999999943,-0.09999999999999432,0.015410000000000146,0.011929999999999996,0.014630000000000032,2021,9,2.3194962819223064,-0.036525029642114064,-415.85896204944675,0.022402211018312634,-0.0600000000000005,-0.2450000000000001,-0.1200000000000001,0.6826419266350406
2021-10-01,24577914,12810521,59.3,42.78,65.74,9.78,109.2,106.6,1.7308,1.58965,0.8048,1.39403,69039.0,-193296.0,-0.07000000000000028,0.4099999999999966,0.6600000000000001,7.200000000000003,0.8999999999999915,0.06121999999999983,0.07235999999999998,0.09483999999999992,2021,10,0.9048101693752998,-0.33503377702173287,-415.77884216685345,0.1236396719268581,0.24666666666666673,-0.08833333333333353,-0.07416666666666671,0.7170832122796724
2021-11-01,24619466,12756981,60.0,42.55,65.87,8.92,110.6,106.1,1.74652,1.61048,0.83389,1.39867,41552.0,-53540.0,0.7000000000000028,0.13000000000000966,-0.8599999999999994,1.3999999999999915,-0.5,0.01572000000000018,0.020829999999999904,0.02909000000000006,2021,11,0.2910914640723034,-0.018980238220641682,-415.7742021895502,0.1464525648692233,0.033333333333333215,-0.1516666666666667,-0.02333333333333328,0.6248248239355257
2021-12-01,24325150,13040291,59.24,42.68,65.1,9.0,111.8,106.2,1.72425,1.5893,0.82136,1.38636,-294316.0,283310.0,-0.759999999999998,-0.7700000000000102,0.08000000000000007,1.2000000000000028,0.10000000000000853,-0.022270000000000012,-0.021179999999999977,-0.012530000000000041,2021,12,-1.9836259304353274,-0.011293943863589947,-415.78651216819947,0.1288981098419404,-0.03999999999999974,-0.05000000000000012,-0.06416666666666664,0.5979580151472075
2022-01-01,24015114,13337918,58.37,40.99,64.29,9.21,122.6,100.0,1.76474,1.6321,0.81761,1.44919,-310036.0,297627.0,-0.8700000000000045,-0.8099999999999881,0.21000000000000085,10.799999999999997,-6.200000000000003,0.040489999999999915,0.04280000000000017,-0.003750000000000031,2022,1,-2.08503377442566,-0.014874953075729749,-415.7236821744742,0.13318117329035994,-0.1899999999999995,0.028333333333333616,-0.16,0.41228851327901184
2022-02-01,24206301,13137676,59.1,42.62,64.82,8.83,123.0,101.8,1.84812,1.72036,0.81837,1.52989,191187.0,-200242.0,0.730000000000004,0.5299999999999869,-0.3800000000000008,0.4000000000000057,1.7999999999999972,0.08338000000000001,0.08825999999999978,0.0007600000000000939,2022,2,1.2961565543970184,-0.014214857778038385,-415.64298218306953,0.13953478279047782,-0.029999999999999954,0.0016666666666666312,-0.17499999999999996,0.4171221752567332
2022-03-01,24405331,12925993,59.69,43.17,65.37,8.7,128.0,98.7,2.00759,1.97059,0.85733,1.79061,199030.0,-211683.0,0.5899999999999963,0.5500000000000114,-0.13000000000000078,5.0,-3.0999999999999943,0.15947,0.2502300000000002,0.038959999999999995,2022,3,1.356394442630366,-0.02257957689879435,-415.38226226968186,0.19375463036588092,-0.10000000000000024,-0.06999999999999999,-0.15750000000000006,0.41396365672714414
2022-04-01,24403832,12915432,59.9,43.39,65.39,8.4,128.2,97.7,1.769,1.76874,0.83915,1.78414,-1499.0,-10561.0,0.21000000000000085,0.01999999999999602,-0.29999999999999893,0.19999999999998863,-1.0,-0.23859000000000008,-0.20185000000000008,-0.018180000000000085,2022,4,0.004557272553764067,-0.019779635327222916,-415.388732166558,0.12167045228106044,-0.2700000000000002,-0.22999999999999984,-0.15916666666666668,0.4145415503537573
2022-05-01,24377471,12895102,60.19,43.63,65.4,7.98,128.9,99.9,1.85127,1.82365,0.83389,1.81713,-26361.0,-20330.0,0.28999999999999915,0.010000000000005116,-0.41999999999999993,0.700000000000017,2.200000000000003,0.08227000000000007,0.054910000000000014,-0.005259999999999931,2022,5,-0.03774276878270331,-0.11500992743580685,-415.3557421882183,0.1526767361807998,-0.2833333333333332,-0.1566666666666666,-0.15416666666666665,0.4106637273605945
2022-06-01,24754594,12502680,61.13,45.35,66.44,7.99,130.3,101.6,2.03416,1.97246,0.82969,1.97062,377123.0,-392422.0,0.9400000000000048,1.039999999999992,0.009999999999999787,1.4000000000000057,1.6999999999999886,0.18289,0.1488100000000001,-0.0041999999999999815,2022,6,2.5782551255455464,-0.034810765852453136,-415.20225219709937,0.16076305766607246,-0.23666666666666636,-0.1683333333333333,-0.1091666666666667,0.3950249320861871
2022-07-01,24460081,12782155,60.68,44.04,65.68,7.61,136.8,98.8,1.96831,1.92735,0.82457,1.92433,-294513.0,279475.0,-0.45000000000000284,-0.7599999999999909,-0.3799999999999999,6.5,-2.799999999999997,-0.06584999999999996,-0.045110000000000205,-0.005120000000000013,2022,7,-1.9669262159551197,-0.02339198420893241,-415.248542172027,0.12791138933169133,-0.26333333333333336,-0.2666666666666668,-0.11916666666666657,0.40066894821112076
2022-08-01,24122872,13104459,59.73,43.52,64.8,7.82,140.7,98.6,1.77487,1.78585,0.80311,1.805,-337209.0,322304.0,-0.9500000000000028,-0.8800000000000097,0.20999999999999996,3.8999999999999773,-0.20000000000000284,-0.19344000000000006,-0.14149999999999996,-0.021460000000000035,2022,8,-2.260899981512552,-0.02102126302389308,-415.36787213949,0.09251009080873929,-0.05333333333333338,-0.1683333333333333,-0.08333333333333333,0.40995195579556126
2022-09-01,24444972,12768576,60.41,44.47,65.69,8.04,144.6,94.6,1.68797,1.79312,0.80033,1.80375,322100.0,-335883.0,0.6799999999999997,0.8900000000000006,0.21999999999999886,3.9000000000000057,-4.0,-0.08689999999999998,0.00727000000000011,-0.0027800000000000047,2022,9,2.200381900119476,-0.02972519009549043,-415.3691221688263,0.10606224593208868,0.016666666666666313,-0.11000000000000003,-0.09000000000000001,0.4037551012905986
2022-10-01,24709001,12515332,60.91,43.63,66.38,8.25,139.4,94.5,1.67864,1.84697,0.78864,1.88121,264029.0,-253244.0,0.5,0.6899999999999977,0.21000000000000085,-5.199999999999989,-0.09999999999999432,-0.00933000000000006,0.05384999999999995,-0.011689999999999978,2022,10,1.7145180080882942,0.04008185341820774,-415.2916621568735,0.102136345293103,0.21333333333333324,-0.02500000000000006,-0.12749999999999995,0.34428120113440003
2022-11-01,24511824,12704426,60.67,44.63,65.86,7.89,143.1,96.0,1.68875,1.81059,0.77409,1.76322,-197177.0,189094.0,-0.23999999999999488,-0.519999999999996,-0.3600000000000003,3.6999999999999886,1.5,0.010110000000000063,-0.03638000000000008,-0.014550000000000063,2022,11,-1.3417271997208953,-0.0034192566608429037,-415.40965210368074,0.08270221341379058,0.023333333333333133,-0.015000000000000124,-0.08583333333333336,0.26976280265627717
2022-12-01,24528910,12676312,60.62,44.66,65.93,8.05,147.2,97.4,1.66293,1.72725,0.77864,1.64308,17086.0,-28114.0,-0.05000000000000426,0.07000000000000739,0.16000000000000103,4.099999999999994,1.4000000000000057,-0.025819999999999954,-0.08333999999999997,0.004550000000000054,2022,12,0.12816958323492236,-0.017690794882378538,-415.52979209895534,0.0819463562812559,0.0033333333333338544,0.010000000000000083,-0.07916666666666661,0.2751679927651909
2023-01-01,24610962,12582802,60.49,42.91,66.17,8.59,136.1,98.0,1.83359,1.88054,0.80064,1.65267,82052.0,-93510.0,-0.12999999999999545,0.23999999999999488,0.5399999999999991,-11.099999999999994,0.5999999999999943,0.17066000000000003,0.15329000000000015,0.02200000000000002,2023,1,0.5651986294643638,-0.018739851132458164,-415.52020216919124,0.13141077729393502,0.11333333333333329,0.16333333333333325,-0.05166666666666675,0.31959728447285657
2023-02-01,24617963,12569509,60.62,44.92,66.2,8.44,134.8,98.2,1.86075,1.84584,0.80104,1.57828,7001.0,-13293.0,0.12999999999999545,0.030000000000001137,-0.15000000000000036,-1.299999999999983,0.20000000000000284,0.02715999999999985,-0.034700000000000175,0.00039999999999995595,2023,2,0.03822950727876623,-0.0031655450335253224,-415.59459213052565,0.11066226352280328,0.18333333333333326,0.10333333333333321,-0.03250000000000005,0.3046644950522694
2023-03-01,24652361,12527242,60.75,44.57,66.31,8.38,132.8,98.6,1.85541,1.7995,0.79797,1.54277,34398.0,-42267.0,0.13000000000000256,0.10999999999999943,-0.05999999999999872,-2.0,0.3999999999999915,-0.0053399999999999,-0.046339999999999826,-0.003070000000000017,2023,3,0.2327689995361789,-0.008943419229510603,-415.63010212961905,0.10490281365927479,0.11000000000000003,0.05666666666666694,-0.026666666666666543,0.3032950358774085
2023-04-01,24708155,12458245,61.05,43.94,66.48,8.17,126.3,99.8,1.87305,1.74882,0.78069,1.49287,55794.0,-68997.0,0.29999999999999716,0.1700000000000017,-0.21000000000000085,-6.500000000000014,1.2000000000000028,0.0176400000000001,-0.05068000000000006,-0.017279999999999962,2023,4,0.39174401756703536,-0.022526137675734484,-415.6800021041643,0.08875437616773252,-0.13999999999999999,-0.013333333333333345,-0.019166666666666703,0.2969682668487516
2023-05-01,24660494,12492461,61.31,45.09,66.38,7.63,123.5,97.3,1.81849,1.66164,0.76078,1.42658,-47661.0,34216.0,0.2600000000000051,-0.10000000000000853,-0.54,-2.799999999999997,-2.5,-0.054560000000000164,-0.08718000000000004,-0.019909999999999983,2023,5,-0.3015170751594297,-0.023218228778165057,-415.74629208378866,0.0622042565474783,-0.26999999999999985,-0.0433333333333333,-0.029166666666666712,0.3132660308118419
2023-06-01,24923422,12217894,62.31,46.64,67.1,7.15,123.1,96.7,1.83984,1.67745,0.73398,1.44335,262928.0,-274567.0,1.0,0.7199999999999989,-0.47999999999999954,-0.4000000000000057,-0.5999999999999943,0.02134999999999998,0.015810000000000102,-0.026800000000000046,2023,6,1.7854218426454982,-0.020908083215890525,-415.72952207617,0.04693778068498822,-0.41000000000000014,-0.15000000000000005,-0.06999999999999999,0.3386067711292041
2023-07-01,24740655,12388826,61.53,44.94,66.63,7.66,122.9,97.1,1.86733,1.71179,0.71195,1.48624,-182767.0,170932.0,-0.7800000000000011,-0.46999999999999886,0.5099999999999998,-0.19999999999998863,0.3999999999999915,0.027490000000000014,0.034339999999999815,-0.022029999999999994,2023,7,-1.2260848548995018,-0.01530127478566071,-415.68663205735146,0.026608905833671703,-0.16999999999999993,-0.15499999999999994,0.004166666666666652,0.3612467888082082
2023-08-01,24462437,12656438,61.25,44.57,65.9,7.07,123.5,96.1,1.94271,1.83367,0.71048,1.60635,-278218.0,267612.0,-0.28000000000000114,-0.7299999999999898,-0.5899999999999999,0.5999999999999943,-1.0,0.07538,0.12187999999999999,-0.0014699999999999713,2023,8,-1.8782865329868677,-0.009836471659589893,-415.56652207787204,0.03387592737364553,-0.18666666666666654,-0.2283333333333332,-0.0625,0.3922922148324913
2023-09-01,24908409,12199479,61.99,45.11,67.12,7.65,124.3,94.9,1.98648,1.91108,0.71388,1.68979,445972.0,-456959.0,0.740000000000002,1.2199999999999989,0.5800000000000001,0.7999999999999972,-1.1999999999999886,0.04377000000000009,0.07740999999999998,0.0033999999999999586,2023,9,3.0306110038382394,-0.024634005056142844,-415.4830820718918,0.03239766895895457,0.16666666666666666,-0.12166666666666674,-0.0324999999999999,0.4280001062021956
2023-10-01,25221754,11877229,62.38,45.13,67.99,8.25,126.2,94.8,1.91122,1.89043,0.72349,1.65181,313345.0,-322250.0,0.39000000000000057,0.8699999999999903,0.5999999999999996,1.9000000000000057,-0.10000000000000853,-0.0752600000000001,-0.020649999999999835,0.009610000000000007,2023,10,2.1332062699546084,-0.018926597889620766,-415.5210620712869,0.02833348800218405,0.19666666666666663,0.013333333333333345,0.0,0.4615783199572367
2023-11-01,24875096,12236791,61.86,44.83,67.03,7.7,124.8,93.9,1.8217,1.80586,0.7258,1.57209,-346658.0,359562.0,-0.5200000000000031,-0.9599999999999937,-0.5499999999999998,-1.4000000000000057,-0.8999999999999915,-0.08951999999999982,-0.08457000000000003,0.0023100000000000342,2023,11,-2.4338413828108663,0.05818457714635763,-415.60078205336686,0.025479938745549324,0.20999999999999996,0.011666666666666714,-0.015833333333333293,0.4780159436925113
2023-12-01,24856382,12269714,62.17,46.81,66.95,7.14,123.6,97.0,1.77326,1.73908,0.72271,1.52236,-18714.0,32923.0,0.3100000000000023,-0.0799999999999983,-0.5600000000000005,-1.2000000000000028,3.0999999999999943,-0.04844000000000004,-0.06678000000000006,-0.003090000000000037,2023,12,-0.21679369743330096,0.05571774948781159,-415.6505120479406,0.026024982233209926,-0.17000000000000023,-0.001666666666666779,-0.07583333333333342,0.4986793164008913
2024-01-01,24729934,12415275,61.4,44.31,66.58,7.78,121.5,97.6,1.78729,1.74353,0.72077,1.53487,-126448.0,145561.0,-0.7700000000000031,-0.37000000000000455,0.6400000000000006,-2.0999999999999943,0.5999999999999943,0.014029999999999987,0.004450000000000065,-0.0019399999999999418,2024,1,-0.9578210762451933,0.06933346273414973,-415.638002058933,0.03258284273233314,-0.1566666666666666,0.020000000000000018,-0.06749999999999996,0.5105990243198311
2024-02-01,24862465,12303679,61.39,44.35,66.9,8.23,120.3,95.6,1.85016,1.81435,0.72316,1.57505,132531.0,-111596.0,-0.00999999999999801,0.3200000000000074,0.4500000000000002,-1.2000000000000028,-2.0,0.06286999999999998,0.07081999999999988,0.0023900000000000032,2024,2,0.7869904598010574,0.07046719039081453,-415.59782207575887,0.042321696356916405,0.17666666666666675,0.19333333333333336,-0.017499999999999922,0.5307648854590548
2024-03-01,24919353,12265904,61.96,45.41,67.01,7.53,120.0,97.0,1.86566,1.79772,0.72223,1.55217,56888.0,-37775.0,0.5700000000000003,0.10999999999999943,-0.7000000000000002,-0.29999999999999716,1.4000000000000057,0.01550000000000007,-0.016629999999999923,-0.0009299999999999864,2024,3,0.2729941294195761,0.06917341668797382,-415.62070205251206,0.03270117256062999,0.1300000000000002,-0.020000000000000018,-0.07083333333333337,0.56638339622128
2024-04-01,24885301,12323057,62.2,43.93,66.88,6.99,118.9,96.2,1.9124,1.79788,0.7217,1.54363,-34052.0,57153.0,0.240000000000002,-0.13000000000000966,-0.54,-1.0999999999999943,-0.7999999999999972,0.046740000000000004,0.00015999999999993797,-0.0005300000000000304,2024,4,-0.34807292374617455,0.07913069199729486,-415.62924205159163,0.03514828896368494,-0.26333333333333336,-0.20999999999999996,-0.09833333333333331,0.5815626806416926
2024-05-01,24755048,12472423,62.09,44.88,66.5,6.63,119.2,95.4,1.88628,1.7385,0.71916,1.48444,-130253.0,149366.0,-0.10999999999999943,-0.37999999999999545,-0.3600000000000003,0.29999999999999716,-0.7999999999999972,-0.026120000000000143,-0.05937999999999999,-0.0025399999999999867,2024,5,-0.9833982426232755,0.06934611670868882,-415.6884320420946,0.024304626106645966,-0.5333333333333335,-0.17833333333333337,-0.08333333333333333,0.5713673127337666
2024-06-01,25049855,12198551,62.62,46.09,67.25,6.88,120.0,94.6,1.85111,1.71068,0.71406,1.48358,294807.0,-273872.0,0.529999999999994,0.75,0.25,0.7999999999999972,-0.8000000000000114,-0.035169999999999924,-0.027819999999999956,-0.005099999999999993,2024,6,1.8808230926041631,0.06906244506614433,-415.68929204991156,0.020821218330625446,-0.21666666666666679,-0.0433333333333333,-0.022500000000000037,0.5641103212541448
2024-07-01,24853861,12413231,62.64,44.72,66.69,6.08,121.6,94.3,1.86131,1.74137,0.72158,1.48253,-195994.0,214680.0,0.020000000000003126,-0.5600000000000023,-0.7999999999999998,1.5999999999999943,-0.29999999999999716,0.010199999999999987,0.030690000000000106,0.007519999999999971,2024,7,-1.4305444121459956,0.07033330194248096,-415.69034207024373,0.034934389082626915,-0.3033333333333334,-0.2833333333333334,-0.13166666666666668,0.5782706716555575
2024-08-01,24641451,12623075,62.53,45.84,66.13,5.44,122.5,94.7,1.81795,1.6933,0.72335,1.43248,-212410.0,209844.0,-0.10999999999999943,-0.5600000000000023,-0.6399999999999997,0.9000000000000057,0.4000000000000057,-0.043360000000000065,-0.04807000000000006,0.0017700000000000493,2024,8,-1.45642521141607,0.009639886477050006,-415.7403920544516,0.02822439957921019,-0.3966666666666665,-0.465,-0.13583333333333333,0.5820412096209078
2024-09-01,24721320,12540439,62.54,45.91,66.35,5.73,121.8,95.7,1.75548,1.63274,0.72201,1.38009,79869.0,-82636.0,0.00999999999999801,0.21999999999999886,0.29000000000000004,-0.7000000000000028,1.0,-0.062470000000000026,-0.06055999999999995,-0.0013400000000000079,2024,9,0.518878213012553,0.005279249222725027,-415.79278205236255,0.024920122780665466,-0.38333333333333314,-0.3,-0.16,0.5550102374158188
2024-10-01,24700661,12560776,62.41,44.71,66.29,5.85,122.7,93.4,1.75512,1.63377,0.72774,1.40597,-20659.0,20337.0,-0.13000000000000256,-0.05999999999998806,0.11999999999999922,0.9000000000000057,-2.299999999999997,-0.00035999999999991594,0.0010299999999998644,0.005730000000000013,2024,10,-0.17587284860820154,0.015266458811099115,-415.76690206836855,0.03844540076027403,-0.07666666666666681,-0.19000000000000009,-0.20000000000000004,0.5107926104683689
2024-11-01,24608397,12655496,62.12,43.93,66.04,5.93,124.2,92.9,1.75768,1.64318,0.73452,1.42506,-92264.0,94720.0,-0.28999999999999915,-0.25,0.08000000000000007,1.5,-0.5,0.0025599999999998957,0.00941000000000014,0.006779999999999897,2024,11,-0.6649638134085583,0.022504822605485128,-415.74781207832405,0.04593580301746292,0.1633333333333331,-0.1166666666666667,-0.14750000000000005,0.5038781418340964
2024-12-01,24915854,12348238,62.32,44.96,66.86,6.79,124.9,95.0,1.75614,1.65461,0.73946,1.43448,307457.0,-307258.0,0.20000000000000284,0.8199999999999932,0.8600000000000003,0.7000000000000028,2.0999999999999943,-0.0015399999999998748,0.01142999999999983,0.0049400000000000555,2024,12,2.0436960464250356,0.01106040188602774,-415.7383920853736,0.05075050258208824,0.3533333333333332,-0.014999999999999977,-0.029166666666666636,0.561628449378693
2025-01-01,25002616,12239041,62.29,44.32,67.14,7.22,126.9,95.3,1.81007,1.71364,0.73986,1.48359,86762.0,-109197.0,-0.030000000000001137,0.28000000000000114,0.4299999999999997,2.0,0.29999999999999716,0.05393000000000003,0.05903000000000014,0.00039999999999995595,2025,1,0.6450611582308515,-0.05144490865450514,-415.68928209174214,0.057631684443785525,0.4566666666666667,0.18999999999999995,-0.04666666666666671,0.5418039453081853
2025-02-01,24948839,12279875,62.54,44.4,67.02,6.68,127.8,94.5,1.82185,1.72517,0.74402,1.47643,-53777.0,40834.0,0.25,-0.12000000000000455,-0.54,0.8999999999999915,-0.7999999999999972,0.011779999999999902,0.01153000000000004,0.0041600000000000525,2025,2,-0.34711505157060635,-0.02104824677983775,-415.69644208768034,0.05608433459830653,0.25,0.20666666666666655,-0.12916666666666674,0.5346274545433624
2025-03-01,25039749,12186197,62.65,43.99,67.26,6.85,124.7,93.2,1.78012,1.68032,0.74362,1.42016,90910.0,-93678.0,0.10999999999999943,0.2400000000000091,0.16999999999999993,-3.0999999999999943,-1.2999999999999972,-0.041730000000000045,-0.044850000000000056,-0.00040000000000006697,2025,3,0.5853718414787692,0.007456811421968076,-415.75271207768566,0.04872623212883331,0.01999999999999987,0.18666666666666654,-0.05666666666666672,0.5085332443469752
2025-04-01,24840618,12373808,62.57,44.21,66.75,6.26,122.0,91.8,1.72593,1.61993,0.73962,1.35415,-199131.0,187611.0,-0.0799999999999983,-0.5100000000000051,-0.5899999999999999,-2.700000000000003,-1.4000000000000057,-0.05418999999999996,-0.060389999999999944,-0.0039999999999998925,2025,4,-1.3342114311974962,-0.015242734484601181,-415.81872207015823,0.04295892805173429,-0.32,0.06833333333333336,-0.06083333333333337,0.5130383351498533
2025-05-01,25154104,12057743,62.81,44.11,67.6,7.08,121.2,93.4,1.69513,1.58986,0.72287,1.331,313486.0,-316065.0,0.240000000000002,0.8499999999999943,0.8200000000000003,-0.7999999999999972,1.6000000000000085,-0.03079999999999994,-0.03007000000000004,-0.016750000000000043,2025,5,2.102560557725931,0.0010062102179411439,-415.841872057911,0.02970143975781092,0.13333333333333344,0.19166666666666674,0.03750000000000001,0.5612992233932077
2025-06-01,25022022,12184230,62.69,44.52,67.25,6.78,122.9,94.1,1.71667,1.62477,0.71051,1.38207,-132082.0,126487.0,-0.12000000000000455,-0.3499999999999943,-0.2999999999999998,1.7000000000000028,0.6999999999999886,0.021539999999999893,0.03491,-0.012360000000000038,2025,6,-0.9106436260829274,0.00249936794052686,-415.79080205720584,0.024862219232555938,-0.023333333333333133,-0.0016666666666666312,-0.008333333333333304,0.5648142628467799
2025-07-01,24708347,12453710,62.54,44.15,66.49,5.93,123.5,93.8,1.72543,1.66083,0.7039,1.41398,-313675.0,269480.0,-0.14999999999999858,-0.7600000000000051,-0.8500000000000005,0.5999999999999943,-0.29999999999999716,0.008760000000000101,0.03605999999999998,-0.006610000000000005,2025,7,-1.9874132935216549,-0.10450151622904219,-415.7588920529806,0.017602907563549652,-0.11000000000000003,-0.215,-0.01250000000000003,0.5713321753108733
2025-08-01,24518457,12639852,62.47,43.33,65.98,5.32,122.8,93.6,1.70186,1.63123,0.70211,1.37904,-189890.0,186142.0,-0.07000000000000028,-0.5099999999999909,-0.6099999999999994,-0.7000000000000028,-0.20000000000000284,-0.02357000000000009,-0.02960000000000007,-0.0017899999999999583,2025,8,-1.3102743014007934,0.009034154870075327,-415.79383203364773,0.009483031162499378,-0.5866666666666666,-0.22666666666666657,-0.010000000000000009,0.5683948691470809
2025-09-01,24732640,12416623,62.55,44.11,66.58,6.04,123.1,93.8,1.71024,1.63531,0.69714,1.3868,214183.0,-223229.0,0.0799999999999983,0.5999999999999943,0.7199999999999998,0.29999999999999716,0.20000000000000284,0.008380000000000054,0.0040800000000000836,-0.00497000000000003,2025,9,1.458909752521016,-0.016621119672476353,-415.78607203386724,0.008689639314454434,-0.24666666666666673,-0.13499999999999993,0.025833333333333302,0.6016108427053206
2025-10-01,24712759,12433050,62.78,43.28,66.53,5.64,122.8,94.4,1.69451,1.62232,0.69545,1.38145,-19881.0,16427.0,0.23000000000000398,-0.04999999999999716,-0.40000000000000036,-0.29999999999999716,0.6000000000000085,-0.015730000000000022,-0.012990000000000057,-0.0016899999999999693,2025,10,-0.1568263653267192,0.005918558643667179,-415.7914220307512,0.00443294843148323,-0.09666666666666668,-0.10333333333333335,-0.017499999999999998,0.6128343243413419
2025-11-01,24426135,12718409,62.13,43.0,65.76,5.52,124.0,96.0,1.71901,1.68175,0.69413,1.4157,-286624.0,285359.0,-0.6499999999999986,-0.769999999999996,-0.1200000000000001,1.2000000000000028,1.5999999999999943,0.024499999999999966,0.059430000000000094,-0.0013199999999999878,2025,11,-1.9710140309823254,0.016633031027530974,-415.75717204748554,0.01037731027926836,0.06666666666666643,-0.26000000000000006,-0.03416666666666668,0.6126612341896521
2025-12-01,24531682,12609532,62.2,43.43,66.05,5.83,123.1,96.4,1.69686,1.6526,0.69482,1.35576,105547.0,-108877.0,0.07000000000000028,0.28999999999999204,0.3100000000000005,-0.9000000000000057,0.4000000000000057,-0.022149999999999892,-0.02915000000000001,0.0006899999999999684,2025,12,0.6948988312707682,0.0032472227434799427,-415.81711202546444,0.00233642773016296,-0.06999999999999999,-0.15833333333333335,-0.08,0.5578041363645975
2026-01-01,24600433,12534243,62.8,43.77,66.25,5.21,124.9,97.5,1.63506,1.66547,0.693,1.36161,68751.0,-75289.0,0.5999999999999943,0.20000000000000284,-0.6200000000000001,1.8000000000000114,1.0999999999999943,-0.06180000000000008,0.012869999999999937,-0.0018200000000000438,2026,1,0.4604713090160954,-0.005847510422978867,-415.8112620470973,0.0010214197218475496,-0.14333333333333323,-0.11999999999999995,-0.16749999999999998,0.5528623862968234
